Workbook

Sheet COSTO PROMEDIO x SKU
A1: SKU | B1: PRODUCTO | C1: VARIANTE | D1: PROVEEDOR(ES) | E1: No. DE COMPRAS | F1: PIEZAS COMPRADAS | G1: PRIMERA COMPRA | H1: ÚLTIMA COMPRA | I1: COSTO PROMEDIO PONDERADO (MXN) | J1: COSTO PROMEDIO SIMPLE (MXN) | K1: COSTO MÍNIMO | L1: COSTO MÁXIMO | M1: ÚLTIMO COSTO | N1: VARIACIÓN 1er vs ÚLTIMO | O1: ROAS 3 SUGERIDO | P1: ROAS 3.5 SUGERIDO | Q1: ROAS 4 SUGERIDO | R1: PRECIO EN SHOPIFY HOY | S1: STOCK HOY | T1: ESTATUS SHOPIFY | U1: ROAS REAL HOY | V1: SEMÁFORO
A2: 10065591041229 | B2: TRAJE DE BAÑO COMPLETO TRIOMPHE | C2: M | D2: ZOEY | E2: =COUNTIF('DETALLE CRONOLÓGICO'!$A$2:$A$4919,$A2) | F2: =SUMIFS('DETALLE CRONOLÓGICO'!$I$2:$I$4919,'DETALLE CRONOLÓGICO'!$A$2:$A$4919,$A2) | G2: =INDEX('DETALLE CRONOLÓGICO'!$D$2:$D$4919,MATCH($A2,'DETALLE CRONOLÓGICO'!$A$2:$A$4919,0)) | H2: =INDEX('DETALLE CRONOLÓGICO'!$D$2:$D$4919,MATCH($A2,'DETALLE CRONOLÓGICO'!$A$2:$A$4919,0)+$E2-1) | I2: =IFERROR(SUMIFS('DETALLE CRONOLÓGICO'!$L$2:$L$4919,'DETALLE CRONOLÓGICO'!$A$2:$A$4919,$A2)/$F2,"") | J2: =IFERROR(SUMIFS('DETALLE CRONOLÓGICO'!$K$2:$K$4919,'DETALLE CRONOLÓGICO'!$A$2:$A$4919,$A2)/$E2,"") | K2: =_xlfn.MINIFS('DETALLE CRONOLÓGICO'!$K$2:$K$4919,'DETALLE CRONOLÓGICO'!$A$2:$A$4919,$A2) | L2: =_xlfn.MAXIFS('DETALLE CRONOLÓGICO'!$K$2:$K$4919,'DETALLE CRONOLÓGICO'!$A$2:$A$4919,$A2) | M2: =INDEX('DETALLE CRONOLÓGICO'!$K$2:$K$4919,MATCH($A2,'DETALLE CRONOLÓGICO'!$A$2:$A$4919,0)+$E2-1) | N2: =IFERROR($M2/INDEX('DETALLE CRONOLÓGICO'!$K$2:$K$4919,MATCH($A2,'DETALLE CRONOLÓGICO'!$A$2:$A$4919,0))-1,"") | O2: =IFERROR($I2*3,"") | P2: =IFERROR($I2*3.5,"") | Q2: =IFERROR($I2*4,"") | R2: 2499 | S2: 3 | T2: active | V2: SIN PRECIO
A3: 10065591106765 | B3: TRAJE DE BAÑO C TRIOMPHE ALL BLACK | C3: M | D3: ZOEY | E3: =COUNTIF('DETALLE CRONOLÓGICO'!$A$2:$A$4919,$A3) | F3: =SUMIFS('DETALLE CRONOLÓGICO'!$I$2:$I$4919,'DETALLE CRONOLÓGICO'!$A$2:$A$4919,$A3) | G3: =INDEX('DETALLE CRONOLÓGICO'!$D$2:$D$4919,MATCH($A3,'DETALLE CRONOLÓGICO'!$A$2:$A$4919,0)) | H3: =INDEX('DETALLE CRONOLÓGICO'!$D$2:$D$4919,MATCH($A3,'DETALLE CRONOLÓGICO'!$A$2:$A$4919,0)+$E3-1) | I3: =IFERROR(SUMIFS('DETALLE CRONOLÓGICO'!$L$2:$L$4919,'DETALLE CRONOLÓGICO'!$A$2:$A$4919,$A3)/$F3,"") | J3: =IFERROR(SUMIFS('DETALLE CRONOLÓGICO'!$K$2:$K$4919,'DETALLE CRONOLÓGICO'!$A$2:$A$4919,$A3)/$E3,"") | K3: =_xlfn.MINIFS('DETALLE CRONOLÓGICO'!$K$2:$K$4919,'DETALLE CRONOLÓGICO'!$A$2:$A$4919,$A3) | L3: =_xlfn.MAXIFS('DETALLE CRONOLÓGICO'!$K$2:$K$4919,'DETALLE CRONOLÓGICO'!$A$2:$A$4919,$A3) | M3: =INDEX('DETALLE CRONOLÓGICO'!$K$2:$K$4919,MATCH($A3,'DETALLE CRONOLÓGICO'!$A$2:$A$4919,0)+$E3-1) | N3: =IFERROR($M3/INDEX('DETALLE CRONOLÓGICO'!$K$2:$K$4919,MATCH($A3,'DETALLE CRONOLÓGICO'!$A$2:$A$4919,0))-1,"") | O3: =IFERROR($I3*3,"") | P3: =IFERROR($I3*3.5,"") | Q3: =IFERROR($I3*4,"") | R3: 2579 | S3: 2 | T3: active | V3: SIN PRECIO
A4: 10065591251949 | B4: TRAJE DE BAÑO GC PINK | C4: M | D4: ZOEY | E4: =COUNTIF('DETALLE CRONOLÓGICO'!$A$2:$A$4919,$A4) | F4: =SUMIFS('DETALLE CRONOLÓGICO'!$I$2:$I$4919,'DETALLE CRONOLÓGICO'!$A$2:$A$4919,$A4) | G4: =INDEX('DETALLE CRONOLÓGICO'!$D$2:$D$4919,MATCH($A4,'DETALLE CRONOLÓGICO'!$A$2:$A$4919,0)) | H4: =INDEX('DETALLE CRONOLÓGICO'!$D$2:$D$4919,MATCH($A4,'DETALLE CRONOLÓGICO'!$A$2:$A$4919,0)+$E4-1) | I4: =IFERROR(SUMIFS('DETALLE CRONOLÓGICO'!$L$2:$L$4919,'DETALLE CRONOLÓGICO'!$A$2:$A$4919,$A4)/$F4,"") | J4: =IFERROR(SUMIFS('DETALLE CRONOLÓGICO'!$K$2:$K$4919,'DETALLE CRONOLÓGICO'!$A$2:$A$4919,$A4)/$E4,"") | K4: =_xlfn.MINIFS('DETALLE CRONOLÓGICO'!$K$2:$K$4919,'DETALLE CRONOLÓGICO'!$A$2:$A$4919,$A4) | L4: =_xlfn.MAXIFS('DETALLE CRONOLÓGICO'!$K$2:$K$4919,'DETALLE CRONOLÓGICO'!$A$2:$A$4919,$A4) | M4: =INDEX('DETALLE CRONOLÓGICO'!$K$2:$K$4919,MATCH($A4,'DETALLE CRONOLÓGICO'!$A$2:$A$4919,0)+$E4-1) | N4: =IFERROR($M4/INDEX('DETALLE CRONOLÓGICO'!$K$2:$K$4919,MATCH($A4,'DETALLE CRONOLÓGICO'!$A$2:$A$4919,0))-1,"") | O4: =IFERROR($I4*3,"") | P4: =IFERROR($I4*3.5,"") | Q4: =IFERROR($I4*4,"") | R4: 2579 | S4: 2 | T4: active | V4: SIN PRECIO
A5: 10065591348557 | B5: TRAJE DE BAÑO COMPLETO CD | C5: M | D5: ZOEY | E5: =COUNTIF('DETALLE CRONOLÓGICO'!$A$2:$A$4919,$A5) | F5: =SUMIFS('DETALLE CRONOLÓGICO'!$I$2:$I$4919,'DETALLE CRONOLÓGICO'!$A$2:$A$4919,$A5) | G5: =INDEX('DETALLE CRONOLÓGICO'!$D$2:$D$4919,MATCH($A5,'DETALLE CRONOLÓGICO'!$A$2:$A$4919,0)) | H5: =INDEX('DETALLE CRONOLÓGICO'!$D$2:$D$4919,MATCH($A5,'DETALLE CRONOLÓGICO'!$A$2:$A$4919,0)+$E5-1) | I5: =IFERROR(SUMIFS('DETALLE CRONOLÓGICO'!$L$2:$L$4919,'DETALLE CRONOLÓGICO'!$A$2:$A$4919,$A5)/$F5,"") | J5: =IFERROR(SUMIFS('DETALLE CRONOLÓGICO'!$K$2:$K$4919,'DETALLE CRONOLÓGICO'!$A$2:$A$4919,$A5)/$E5,"") | K5: =_xlfn.MINIFS('DETALLE CRONOLÓGICO'!$K$2:$K$4919,'DETALLE CRONOLÓGICO'!$A$2:$A$4919,$A5) | L5: =_xlfn.MAXIFS('DETALLE CRONOLÓGICO'!$K$2:$K$4919,'DETALLE CRONOLÓGICO'!$A$2:$A$4919,$A5) | M5: =INDEX('DETALLE CRONOLÓGICO'!$K$2:$K$4919,MATCH($A5,'DETALLE CRONOLÓGICO'!$A$2:$A$4919,0)+$E5-1) | N5: =IFERROR($M5/INDEX('DETALLE CRONOLÓGICO'!$K$2:$K$4919,MATCH($A5,'DETALLE CRONOLÓGICO'!$A$2:$A$4919,0))-1,"") | O5: =IFERROR($I5*3,"") | P5: =IFERROR($I5*3.5,"") | Q5: =IFERROR($I5*4,"") | R5: 2579 | S5: 0 | T5: active | V5: SIN PRECIO
A6: 10132411046285 | B6: SANDALIAS CD DIORACT BLACK | C6: 38/25mx | D6: DINA DU | E6: =COUNTIF('DETALLE CRONOLÓGICO'!$A$2:$A$4919,$A6) | F6: =SUMIFS('DETALLE CRONOLÓGICO'!$I$2:$I$4919,'DETALLE CRONOLÓGICO'!$A$2:$A$4919,$A6) | G6: =INDEX('DETALLE CRONOLÓGICO'!$D$2:$D$4919,MATCH($A6,'DETALLE CRONOLÓGICO'!$A$2:$A$4919,0)) | H6: =INDEX('DETALLE CRONOLÓGICO'!$D$2:$D$4919,MATCH($A6,'DETALLE CRONOLÓGICO'!$A$2:$A$4919,0)+$E6-1) | I6: =IFERROR(SUMIFS('DETALLE CRONOLÓGICO'!$L$2:$L$4919,'DETALLE CRONOLÓGICO'!$A$2:$A$4919,$A6)/$F6,"") | J6: =IFERROR(SUMIFS('DETALLE CRONOLÓGICO'!$K$2:$K$4919,'DETALLE CRONOLÓGICO'!$A$2:$A$4919,$A6)/$E6,"") | K6: =_xlfn.MINIFS('DETALLE CRONOLÓGICO'!$K$2:$K$4919,'DETALLE CRONOLÓGICO'!$A$2:$A$4919,$A6) | L6: =_xlfn.MAXIFS('DETALLE CRONOLÓGICO'!$K$2:$K$4919,'DETALLE CRONOLÓGICO'!$A$2:$A$4919,$A6) | M6: =INDEX('DETALLE CRONOLÓGICO'!$K$2:$K$4919,MATCH($A6,'DETALLE CRONOLÓGICO'!$A$2:$A$4919,0)+$E6-1) | N6: =IFERROR($M6/INDEX('DETALLE CRONOLÓGICO'!$K$2:$K$4919,MATCH($A6,'DETALLE CRONOLÓGICO'!$A$2:$A$4919,0))-1,"") | O6: =IFERROR($I6*3,"") | P6: =IFERROR($I6*3.5,"") | Q6: =IFERROR($I6*4,"") | R6: 3789 | S6: 0 | T6: active | V6: SIN PRECIO
A7: 10132411116909 | B7: BOLSO CD SADDLE ALL BLACK | C7: Default Title | D7: DINA DU | E7: =COUNTIF('DETALLE CRONOLÓGICO'!$A$2:$A$4919,$A7) | F7: =SUMIFS('DETALLE CRONOLÓGICO'!$I$2:$I$4919,'DETALLE CRONOLÓGICO'!$A$2:$A$4919,$A7) | G7: =INDEX('DETALLE CRONOLÓGICO'!$D$2:$D$4919,MATCH($A7,'DETALLE CRONOLÓGICO'!$A$2:$A$4919,0)) | H7: =INDEX('DETALLE CRONOLÓGICO'!$D$2:$D$4919,MATCH($A7,'DETALLE CRONOLÓGICO'!$A$2:$A$4919,0)+$E7-1) | I7: =IFERROR(SUMIFS('DETALLE CRONOLÓGICO'!$L$2:$L$4919,'DETALLE CRONOLÓGICO'!$A$2:$A$4919,$A7)/$F7,"") | J7: =IFERROR(SUMIFS('DETALLE CRONOLÓGICO'!$K$2:$K$4919,'DETALLE CRONOLÓGICO'!$A$2:$A$4919,$A7)/$E7,"") | K7: =_xlfn.MINIFS('DETALLE CRONOLÓGICO'!$K$2:$K$4919,'DETALLE CRONOLÓGICO'!$A$2:$A$4919,$A7) | L7: =_xlfn.MAXIFS('DETALLE CRONOLÓGICO'!$K$2:$K$4919,'DETALLE CRONOLÓGICO'!$A$2:$A$4919,$A7) | M7: =INDEX('DETALLE CRONOLÓGICO'!$K$2:$K$4919,MATCH($A7,'DETALLE CRONOLÓGICO'!$A$2:$A$4919,0)+$E7-1) | N7: =IFERROR($M7/INDEX('DETALLE CRONOLÓGICO'!$K$2:$K$4919,MATCH($A7,'DETALLE CRONOLÓGICO'!$A$2:$A$4919,0))-1,"") | O7: =IFERROR($I7*3,"") | P7: =IFERROR($I7*3.5,"") | Q7: =IFERROR($I7*4,"") | R7: 5999 | S7: 1 | T7: active | V7: SIN PRECIO
A8: 10132411251373 | B8: BOLSO CD BOW BURGUNDY | C8: Default Title | D8: DINA DU | E8: =COUNTIF('DETALLE CRONOLÓGICO'!$A$2:$A$4919,$A8) | F8: =SUMIFS('DETALLE CRONOLÓGICO'!$I$2:$I$4919,'DETALLE CRONOLÓGICO'!$A$2:$A$4919,$A8) | G8: =INDEX('DETALLE CRONOLÓGICO'!$D$2:$D$4919,MATCH($A8,'DETALLE CRONOLÓGICO'!$A$2:$A$4919,0)) | H8: =INDEX('DETALLE CRONOLÓGICO'!$D$2:$D$4919,MATCH($A8,'DETALLE CRONOLÓGICO'!$A$2:$A$4919,0)+$E8-1) | I8: =IFERROR(SUMIFS('DETALLE CRONOLÓGICO'!$L$2:$L$4919,'DETALLE CRONOLÓGICO'!$A$2:$A$4919,$A8)/$F8,"") | J8: =IFERROR(SUMIFS('DETALLE CRONOLÓGICO'!$K$2:$K$4919,'DETALLE CRONOLÓGICO'!$A$2:$A$4919,$A8)/$E8,"") | K8: =_xlfn.MINIFS('DETALLE CRONOLÓGICO'!$K$2:$K$4919,'DETALLE CRONOLÓGICO'!$A$2:$A$4919,$A8) | L8: =_xlfn.MAXIFS('DETALLE CRONOLÓGICO'!$K$2:$K$4919,'DETALLE CRONOLÓGICO'!$A$2:$A$4919,$A8) | M8: =INDEX('DETALLE CRONOLÓGICO'!$K$2:$K$4919,MATCH($A8,'DETALLE CRONOLÓGICO'!$A$2:$A$4919,0)+$E8-1) | N8: =IFERROR($M8/INDEX('DETALLE CRONOLÓGICO'!$K$2:$K$4919,MATCH($A8,'DETALLE CRONOLÓGICO'!$A$2:$A$4919,0))-1,"") | O8: =IFERROR($I8*3,"") | P8: =IFERROR($I8*3.5,"") | Q8: =IFERROR($I8*4,"") | R8: 6720.51 | S8: 1 | T8: active | V8: SIN PRECIO
A9: 10132411318605 | B9: BOLSO CD BOW BLACK | C9: Default Title | D9: DINA DU | E9: =COUNTIF('DETALLE CRONOLÓGICO'!$A$2:$A$4919,$A9) | F9: =SUMIFS('DETALLE CRONOLÓGICO'!$I$2:$I$4919,'DETALLE CRONOLÓGICO'!$A$2:$A$4919,$A9) | G9: =INDEX('DETALLE CRONOLÓGICO'!$D$2:$D$4919,MATCH($A9,'DETALLE CRONOLÓGICO'!$A$2:$A$4919,0)) | H9: =INDEX('DETALLE CRONOLÓGICO'!$D$2:$D$4919,MATCH($A9,'DETALLE CRONOLÓGICO'!$A$2:$A$4919,0)+$E9-1) | I9: =IFERROR(SUMIFS('DETALLE CRONOLÓGICO'!$L$2:$L$4919,'DETALLE CRONOLÓGICO'!$A$2:$A$4919,$A9)/$F9,"") | J9: =IFERROR(SUMIFS('DETALLE CRONOLÓGICO'!$K$2:$K$4919,'DETALLE CRONOLÓGICO'!$A$2:$A$4919,$A9)/$E9,"") | K9: =_xlfn.MINIFS('DETALLE CRONOLÓGICO'!$K$2:$K$4919,'DETALLE CRONOLÓGICO'!$A$2:$A$4919,$A9) | L9: =_xlfn.MAXIFS('DETALLE CRONOLÓGICO'!$K$2:$K$4919,'DETALLE CRONOLÓGICO'!$A$2:$A$4919,$A9) | M9: =INDEX('DETALLE CRONOLÓGICO'!$K$2:$K$4919,MATCH($A9,'DETALLE CRONOLÓGICO'!$A$2:$A$4919,0)+$E9-1) | N9: =IFERROR($M9/INDEX('DETALLE CRONOLÓGICO'!$K$2:$K$4919,MATCH($A9,'DETALLE CRONOLÓGICO'!$A$2:$A$4919,0))-1,"") | O9: =IFERROR($I9*3,"") | P9: =IFERROR($I9*3.5,"") | Q9: =IFERROR($I9*4,"") | R9: 6720.51 | S9: 0 | T9: active | V9: SIN PRECIO
A10: 10132411463245 | B10: GORRO F LOGOS | C10: Default Title | D10: DINA DU | E10: =COUNTIF('DETALLE CRONOLÓGICO'!$A$2:$A$4919,$A10) | F10: =SUMIFS('DETALLE CRONOLÓGICO'!$I$2:$I$4919,'DETALLE CRONOLÓGICO'!$A$2:$A$4919,$A10) | G10: =INDEX('DETALLE CRONOLÓGICO'!$D$2:$D$4919,MATCH($A10,'DETALLE CRONOLÓGICO'!$A$2:$A$4919,0)) | H10: =INDEX('DETALLE CRONOLÓGICO'!$D$2:$D$4919,MATCH($A10,'DETALLE CRONOLÓGICO'!$A$2:$A$4919,0)+$E10-1) | I10: =IFERROR(SUMIFS('DETALLE CRONOLÓGICO'!$L$2:$L$4919,'DETALLE CRONOLÓGICO'!$A$2:$A$4919,$A10)/$F10,"") | J10: =IFERROR(SUMIFS('DETALLE CRONOLÓGICO'!$K$2:$K$4919,'DETALLE CRONOLÓGICO'!$A$2:$A$4919,$A10)/$E10,"") | K10: =_xlfn.MINIFS('DETALLE CRONOLÓGICO'!$K$2:$K$4919,'DETALLE CRONOLÓGICO'!$A$2:$A$4919,$A10) | L10: =_xlfn.MAXIFS('DETALLE CRONOLÓGICO'!$K$2:$K$4919,'DETALLE CRONOLÓGICO'!$A$2:$A$4919,$A10) | M10: =INDEX('DETALLE CRONOLÓGICO'!$K$2:$K$4919,MATCH($A10,'DETALLE CRONOLÓGICO'!$A$2:$A$4919,0)+$E10-1) | N10: =IFERROR($M10/INDEX('DETALLE CRONOLÓGICO'!$K$2:$K$4919,MATCH($A10,'DETALLE CRONOLÓGICO'!$A$2:$A$4919,0))-1,"") | O10: =IFERROR($I10*3,"") | P10: =IFERROR($I10*3.5,"") | Q10: =IFERROR($I10*4,"") | R10: 1089 | S10: 0 | T10: active | V10: SIN PRECIO
A11: 10132411501101 | B11: CARTERA F GRAPHY WHITE | C11: Default Title | D11: DINA DU | E11: =COUNTIF('DETALLE CRONOLÓGICO'!$A$2:$A$4919,$A11) | F11: =SUMIFS('DETALLE CRONOLÓGICO'!$I$2:$I$4919,'DETALLE CRONOLÓGICO'!$A$2:$A$4919,$A11) | G11: =INDEX('DETALLE CRONOLÓGICO'!$D$2:$D$4919,MATCH($A11,'DETALLE CRONOLÓGICO'!$A$2:$A$4919,0)) | H11: =INDEX('DETALLE CRONOLÓGICO'!$D$2:$D$4919,MATCH($A11,'DETALLE CRONOLÓGICO'!$A$2:$A$4919,0)+$E11-1) | I11: =IFERROR(SUMIFS('DETALLE CRONOLÓGICO'!$L$2:$L$4919,'DETALLE CRONOLÓGICO'!$A$2:$A$4919,$A11)/$F11,"") | J11: =IFERROR(SUMIFS('DETALLE CRONOLÓGICO'!$K$2:$K$4919,'DETALLE CRONOLÓGICO'!$A$2:$A$4919,$A11)/$E11,"") | K11: =_xlfn.MINIFS('DETALLE CRONOLÓGICO'!$K$2:$K$4919,'DETALLE CRONOLÓGICO'!$A$2:$A$4919,$A11) | L11: =_xlfn.MAXIFS('DETALLE CRONOLÓGICO'!$K$2:$K$4919,'DETALLE CRONOLÓGICO'!$A$2:$A$4919,$A11) | M11: =INDEX('DETALLE CRONOLÓGICO'!$K$2:$K$4919,MATCH($A11,'DETALLE CRONOLÓGICO'!$A$2:$A$4919,0)+$E11-1) | N11: =IFERROR($M11/INDEX('DETALLE CRONOLÓGICO'!$K$2:$K$4919,MATCH($A11,'DETALLE CRONOLÓGICO'!$A$2:$A$4919,0))-1,"") | O11: =IFERROR($I11*3,"") | P11: =IFERROR($I11*3.5,"") | Q11: =IFERROR($I11*4,"") | R11: 4300 | S11: 2 | T11: active | V11: SIN PRECIO
A12: 10132411606189 | B12: CARTERA F BAGUETTE MINI | C12: Default Title | D12: DINA DU | E12: =COUNTIF('DETALLE CRONOLÓGICO'!$A$2:$A$4919,$A12) | F12: =SUMIFS('DETALLE CRONOLÓGICO'!$I$2:$I$4919,'DETALLE CRONOLÓGICO'!$A$2:$A$4919,$A12) | G12: =INDEX('DETALLE CRONOLÓGICO'!$D$2:$D$4919,MATCH($A12,'DETALLE CRONOLÓGICO'!$A$2:$A$4919,0)) | H12: =INDEX('DETALLE CRONOLÓGICO'!$D$2:$D$4919,MATCH($A12,'DETALLE CRONOLÓGICO'!$A$2:$A$4919,0)+$E12-1) | I12: =IFERROR(SUMIFS('DETALLE CRONOLÓGICO'!$L$2:$L$4919,'DETALLE CRONOLÓGICO'!$A$2:$A$4919,$A12)/$F12,"") | J12: =IFERROR(SUMIFS('DETALLE CRONOLÓGICO'!$K$2:$K$4919,'DETALLE CRONOLÓGICO'!$A$2:$A$4919,$A12)/$E12,"") | K12: =_xlfn.MINIFS('DETALLE CRONOLÓGICO'!$K$2:$K$4919,'DETALLE CRONOLÓGICO'!$A$2:$A$4919,$A12) | L12: =_xlfn.MAXIFS('DETALLE CRONOLÓGICO'!$K$2:$K$4919,'DETALLE CRONOLÓGICO'!$A$2:$A$4919,$A12) | M12: =INDEX('DETALLE CRONOLÓGICO'!$K$2:$K$4919,MATCH($A12,'DETALLE CRONOLÓGICO'!$A$2:$A$4919,0)+$E12-1) | N12: =IFERROR($M12/INDEX('DETALLE CRONOLÓGICO'!$K$2:$K$4919,MATCH($A12,'DETALLE CRONOLÓGICO'!$A$2:$A$4919,0))-1,"") | O12: =IFERROR($I12*3,"") | P12: =IFERROR($I12*3.5,"") | Q12: =IFERROR($I12*4,"") | R12: 6500 | S12: 0 | T12: active | V12: SIN PRECIO
A13: 10132411776813 | B13: BOLSO F GRAPHY LOGOS | C13: Default Title | D13: DINA DU | E13: =COUNTIF('DETALLE CRONOLÓGICO'!$A$2:$A$4919,$A13) | F13: =SUMIFS('DETALLE CRONOLÓGICO'!$I$2:$I$4919,'DETALLE CRONOLÓGICO'!$A$2:$A$4919,$A13) | G13: =INDEX('DETALLE CRONOLÓGICO'!$D$2:$D$4919,MATCH($A13,'DETALLE CRONOLÓGICO'!$A$2:$A$4919,0)) | H13: =INDEX('DETALLE CRONOLÓGICO'!$D$2:$D$4919,MATCH($A13,'DETALLE CRONOLÓGICO'!$A$2:$A$4919,0)+$E13-1) | I13: =IFERROR(SUMIFS('DETALLE CRONOLÓGICO'!$L$2:$L$4919,'DETALLE CRONOLÓGICO'!$A$2:$A$4919,$A13)/$F13,"") | J13: =IFERROR(SUMIFS('DETALLE CRONOLÓGICO'!$K$2:$K$4919,'DETALLE CRONOLÓGICO'!$A$2:$A$4919,$A13)/$E13,"") | K13: =_xlfn.MINIFS('DETALLE CRONOLÓGICO'!$K$2:$K$4919,'DETALLE CRONOLÓGICO'!$A$2:$A$4919,$A13) | L13: =_xlfn.MAXIFS('DETALLE CRONOLÓGICO'!$K$2:$K$4919,'DETALLE CRONOLÓGICO'!$A$2:$A$4919,$A13) | M13: =INDEX('DETALLE CRONOLÓGICO'!$K$2:$K$4919,MATCH($A13,'DETALLE CRONOLÓGICO'!$A$2:$A$4919,0)+$E13-1) | N13: =IFERROR($M13/INDEX('DETALLE CRONOLÓGICO'!$K$2:$K$4919,MATCH($A13,'DETALLE CRONOLÓGICO'!$A$2:$A$4919,0))-1,"") | O13: =IFERROR($I13*3,"") | P13: =IFERROR($I13*3.5,"") | Q13: =IFERROR($I13*4,"") | R13: 7383.1 | S13: 2 | T13: active | V13: SIN PRECIO
... A19: 10956321157325 | B19: ANILLO BV BUMPS GOLD ZIRCONIAS | C19: 7 | D19: HAIFENG | E19: =COUNTIF('DETALLE CRONOLÓGICO'!$A$2:$A$4919,$A19) | F19: =SUMIFS('DETALLE CRONOLÓGICO'!$I$2:$I$4919,'DETALLE CRONOLÓGICO'!$A$2:$A$4919,$A19) | G19: =INDEX('DETALLE CRONOLÓGICO'!$D$2:$D$4919,MATCH($A19,'DETALLE CRONOLÓGICO'!$A$2:$A$4919,0)) | H19: =INDEX('DETALLE CRONOLÓGICO'!$D$2:$D$4919,MATCH($A19,'DETALLE CRONOLÓGICO'!$A$2:$A$4919,0)+$E19-1) | I19: =IFERROR(SUMIFS('DETALLE CRONOLÓGICO'!$L$2:$L$4919,'DETALLE CRONOLÓGICO'!$A$2:$A$4919,$A19)/$F19,"") | J19: =IFERROR(SUMIFS('DETALLE CRONOLÓGICO'!$K$2:$K$4919,'DETALLE CRONOLÓGICO'!$A$2:$A$4919,$A19)/$E19,"") | K19: =_xlfn.MINIFS('DETALLE CRONOLÓGICO'!$K$2:$K$4919,'DETALLE CRONOLÓGICO'!$A$2:$A$4919,$A19) | L19: =_xlfn.MAXIFS('DETALLE CRONOLÓGICO'!$K$2:$K$4919,'DETALLE CRONOLÓGICO'!$A$2:$A$4919,$A19) | M19: =INDEX('DETALLE CRONOLÓGICO'!$K$2:$K$4919,MATCH($A19,'DETALLE CRONOLÓGICO'!$A$2:$A$4919,0)+$E19-1) | N19: =IFERROR($M19/INDEX('DETALLE CRONOLÓGICO'!$K$2:$K$4919,MATCH($A19,'DETALLE CRONOLÓGICO'!$A$2:$A$4919,0))-1,"") | O19: =IFERROR($I19*3,"") | P19: =IFERROR($I19*3.5,"") | Q19: =IFERROR($I19*4,"") | R19: 999 | S19: 2 | T19: active | V19: SIN PRECIO
A20: 10956321291309 | B20: ANILLO BV BUMPS SILVER ZIRCONIAS-6 | C20: 6 | D20: HAIFENG | E20: =COUNTIF('DETALLE CRONOLÓGICO'!$A$2:$A$4919,$A20) | F20: =SUMIFS('DETALLE CRONOLÓGICO'!$I$2:$I$4919,'DETALLE CRONOLÓGICO'!$A$2:$A$4919,$A20) | G20: =INDEX('DETALLE CRONOLÓGICO'!$D$2:$D$4919,MATCH($A20,'DETALLE CRONOLÓGICO'!$A$2:$A$4919,0)) | H20: =INDEX('DETALLE CRONOLÓGICO'!$D$2:$D$4919,MATCH($A20,'DETALLE CRONOLÓGICO'!$A$2:$A$4919,0)+$E20-1) | I20: =IFERROR(SUMIFS('DETALLE CRONOLÓGICO'!$L$2:$L$4919,'DETALLE CRONOLÓGICO'!$A$2:$A$4919,$A20)/$F20,"") | J20: =IFERROR(SUMIFS('DETALLE CRONOLÓGICO'!$K$2:$K$4919,'DETALLE CRONOLÓGICO'!$A$2:$A$4919,$A20)/$E20,"") | K20: =_xlfn.MINIFS('DETALLE CRONOLÓGICO'!$K$2:$K$4919,'DETALLE CRONOLÓGICO'!$A$2:$A$4919,$A20) | L20: =_xlfn.MAXIFS('DETALLE CRONOLÓGICO'!$K$2:$K$4919,'DETALLE CRONOLÓGICO'!$A$2:$A$4919,$A20) | M20: =INDEX('DETALLE CRONOLÓGICO'!$K$2:$K$4919,MATCH($A20,'DETALLE CRONOLÓGICO'!$A$2:$A$4919,0)+$E20-1) | N20: =IFERROR($M20/INDEX('DETALLE CRONOLÓGICO'!$K$2:$K$4919,MATCH($A20,'DETALLE CRONOLÓGICO'!$A$2:$A$4919,0))-1,"") | O20: =IFERROR($I20*3,"") | P20: =IFERROR($I20*3.5,"") | Q20: =IFERROR($I20*4,"") | R20: 850 | S20: 1 | T20: active | V20: SIN PRECIO
A21: 10956321324077 | B21: ANILLO BV BUMPS SILVER ZIRCONIAS | C21: 7 | D21: HAIFENG | E21: =COUNTIF('DETALLE CRONOLÓGICO'!$A$2:$A$4919,$A21) | F21: =SUMIFS('DETALLE CRONOLÓGICO'!$I$2:$I$4919,'DETALLE CRONOLÓGICO'!$A$2:$A$4919,$A21) | G21: =INDEX('DETALLE CRONOLÓGICO'!$D$2:$D$4919,MATCH($A21,'DETALLE CRONOLÓGICO'!$A$2:$A$4919,0)) | H21: =INDEX('DETALLE CRONOLÓGICO'!$D$2:$D$4919,MATCH($A21,'DETALLE CRONOLÓGICO'!$A$2:$A$4919,0)+$E21-1) | I21: =IFERROR(SUMIFS('DETALLE CRONOLÓGICO'!$L$2:$L$4919,'DETALLE CRONOLÓGICO'!$A$2:$A$4919,$A21)/$F21,"") | J21: =IFERROR(SUMIFS('DETALLE CRONOLÓGICO'!$K$2:$K$4919,'DETALLE CRONOLÓGICO'!$A$2:$A$4919,$A21)/$E21,"") | K21: =_xlfn.MINIFS('DETALLE CRONOLÓGICO'!$K$2:$K$4919,'DETALLE CRONOLÓGICO'!$A$2:$A$4919,$A21) | L21: =_xlfn.MAXIFS('DETALLE CRONOLÓGICO'!$K$2:$K$4919,'DETALLE CRONOLÓGICO'!$A$2:$A$4919,$A21) | M21: =INDEX('DETALLE CRONOLÓGICO'!$K$2:$K$4919,MATCH($A21,'DETALLE CRONOLÓGICO'!$A$2:$A$4919,0)+$E21-1) | N21: =IFERROR($M21/INDEX('DETALLE CRONOLÓGICO'!$K$2:$K$4919,MATCH($A21,'DETALLE CRONOLÓGICO'!$A$2:$A$4919,0))-1,"") | O21: =IFERROR($I21*3,"") | P21: =IFERROR($I21*3.5,"") | Q21: =IFERROR($I21*4,"") | R21: 850 | S21: 1 | T21: active | V21: SIN PRECIO
A22: 11078751761037 | B22: COLLAR C GOLD ZIRCONIAS | C22: Default Title | D22: HAIFENG | E22: =COUNTIF('DETALLE CRONOLÓGICO'!$A$2:$A$4919,$A22) | F22: =SUMIFS('DETALLE CRONOLÓGICO'!$I$2:$I$4919,'DETALLE CRONOLÓGICO'!$A$2:$A$4919,$A22) | G22: =INDEX('DETALLE CRONOLÓGICO'!$D$2:$D$4919,MATCH($A22,'DETALLE CRONOLÓGICO'!$A$2:$A$4919,0)) | H22: =INDEX('DETALLE CRONOLÓGICO'!$D$2:$D$4919,MATCH($A22,'DETALLE CRONOLÓGICO'!$A$2:$A$4919,0)+$E22-1) | I22: =IFERROR(SUMIFS('DETALLE CRONOLÓGICO'!$L$2:$L$4919,'DETALLE CRONOLÓGICO'!$A$2:$A$4919,$A22)/$F22,"") | J22: =IFERROR(SUMIFS('DETALLE CRONOLÓGICO'!$K$2:$K$4919,'DETALLE CRONOLÓGICO'!$A$2:$A$4919,$A22)/$E22,"") | K22: =_xlfn.MINIFS('DETALLE CRONOLÓGICO'!$K$2:$K$4919,'DETALLE CRONOLÓGICO'!$A$2:$A$4919,$A22) | L22: =_xlfn.MAXIFS('DETALLE CRONOLÓGICO'!$K$2:$K$4919,'DETALLE CRONOLÓGICO'!$A$2:$A$4919,$A22) | M22: =INDEX('DETALLE CRONOLÓGICO'!$K$2:$K$4919,MATCH($A22,'DETALLE CRONOLÓGICO'!$A$2:$A$4919,0)+$E22-1) | N22: =IFERROR($M22/INDEX('DETALLE CRONOLÓGICO'!$K$2:$K$4919,MATCH($A22,'DETALLE CRONOLÓGICO'!$A$2:$A$4919,0))-1,"") | O22: =IFERROR($I22*3,"") | P22: =IFERROR($I22*3.5,"") | Q22: =IFERROR($I22*4,"") | R22: 550 | S22: 12 | T22: active | V22: SIN PRECIO
A23: 11078751910221 | B23: ARETES C GOLD ZIRCONIAS | C23: Default Title | D23: HAIFENG | E23: =COUNTIF('DETALLE CRONOLÓGICO'!$A$2:$A$4919,$A23) | F23: =SUMIFS('DETALLE CRONOLÓGICO'!$I$2:$I$4919,'DETALLE CRONOLÓGICO'!$A$2:$A$4919,$A23) | G23: =INDEX('DETALLE CRONOLÓGICO'!$D$2:$D$4919,MATCH($A23,'DETALLE CRONOLÓGICO'!$A$2:$A$4919,0)) | H23: =INDEX('DETALLE CRONOLÓGICO'!$D$2:$D$4919,MATCH($A23,'DETALLE CRONOLÓGICO'!$A$2:$A$4919,0)+$E23-1) | I23: =IFERROR(SUMIFS('DETALLE CRONOLÓGICO'!$L$2:$L$4919,'DETALLE CRONOLÓGICO'!$A$2:$A$4919,$A23)/$F23,"") | J23: =IFERROR(SUMIFS('DETALLE CRONOLÓGICO'!$K$2:$K$4919,'DETALLE CRONOLÓGICO'!$A$2:$A$4919,$A23)/$E23,"") | K23: =_xlfn.MINIFS('DETALLE CRONOLÓGICO'!$K$2:$K$4919,'DETALLE CRONOLÓGICO'!$A$2:$A$4919,$A23) | L23: =_xlfn.MAXIFS('DETALLE CRONOLÓGICO'!$K$2:$K$4919,'DETALLE CRONOLÓGICO'!$A$2:$A$4919,$A23) | M23: =INDEX('DETALLE CRONOLÓGICO'!$K$2:$K$4919,MATCH($A23,'DETALLE CRONOLÓGICO'!$A$2:$A$4919,0)+$E23-1) | N23: =IFERROR($M23/INDEX('DETALLE CRONOLÓGICO'!$K$2:$K$4919,MATCH($A23,'DETALLE CRONOLÓGICO'!$A$2:$A$4919,0))-1,"") | O23: =IFERROR($I23*3,"") | P23: =IFERROR($I23*3.5,"") | Q23: =IFERROR($I23*4,"") | R23: 575 | S23: 7 | T23: active | V23: SIN PRECIO
A24: 11078752382541 | B24: ARETES C GOLD PEARL | C24: Default Title | D24: HAIFENG | E24: =COUNTIF('DETALLE CRONOLÓGICO'!$A$2:$A$4919,$A24) | F24: =SUMIFS('DETALLE CRONOLÓGICO'!$I$2:$I$4919,'DETALLE CRONOLÓGICO'!$A$2:$A$4919,$A24) | G24: =INDEX('DETALLE CRONOLÓGICO'!$D$2:$D$4919,MATCH($A24,'DETALLE CRONOLÓGICO'!$A$2:$A$4919,0)) | H24: =INDEX('DETALLE CRONOLÓGICO'!$D$2:$D$4919,MATCH($A24,'DETALLE CRONOLÓGICO'!$A$2:$A$4919,0)+$E24-1) | I24: =IFERROR(SUMIFS('DETALLE CRONOLÓGICO'!$L$2:$L$4919,'DETALLE CRONOLÓGICO'!$A$2:$A$4919,$A24)/$F24,"") | J24: =IFERROR(SUMIFS('DETALLE CRONOLÓGICO'!$K$2:$K$4919,'DETALLE CRONOLÓGICO'!$A$2:$A$4919,$A24)/$E24,"") | K24: =_xlfn.MINIFS('DETALLE CRONOLÓGICO'!$K$2:$K$4919,'DETALLE CRONOLÓGICO'!$A$2:$A$4919,$A24) | L24: =_xlfn.MAXIFS('DETALLE CRONOLÓGICO'!$K$2:$K$4919,'DETALLE CRONOLÓGICO'!$A$2:$A$4919,$A24) | M24: =INDEX('DETALLE CRONOLÓGICO'!$K$2:$K$4919,MATCH($A24,'DETALLE CRONOLÓGICO'!$A$2:$A$4919,0)+$E24-1) | N24: =IFERROR($M24/INDEX('DETALLE CRONOLÓGICO'!$K$2:$K$4919,MATCH($A24,'DETALLE CRONOLÓGICO'!$A$2:$A$4919,0))-1,"") | O24: =IFERROR($I24*3,"") | P24: =IFERROR($I24*3.5,"") | Q24: =IFERROR($I24*4,"") | R24: 499 | S24: 6 | T24: active | V24: SIN PRECIO
A25: 11453671120077 | B25: ARETES FR GOLD ONE PEARL | C25: PRODUCTO NUEVO | D25: HAIFENG | E25: =COUNTIF('DETALLE CRONOLÓGICO'!$A$2:$A$4919,$A25) | F25: =SUMIFS('DETALLE CRONOLÓGICO'!$I$2:$I$4919,'DETALLE CRONOLÓGICO'!$A$2:$A$4919,$A25) | G25: =INDEX('DETALLE CRONOLÓGICO'!$D$2:$D$4919,MATCH($A25,'DETALLE CRONOLÓGICO'!$A$2:$A$4919,0)) | H25: =INDEX('DETALLE CRONOLÓGICO'!$D$2:$D$4919,MATCH($A25,'DETALLE CRONOLÓGICO'!$A$2:$A$4919,0)+$E25-1) | I25: =IFERROR(SUMIFS('DETALLE CRONOLÓGICO'!$L$2:$L$4919,'DETALLE CRONOLÓGICO'!$A$2:$A$4919,$A25)/$F25,"") | J25: =IFERROR(SUMIFS('DETALLE CRONOLÓGICO'!$K$2:$K$4919,'DETALLE CRONOLÓGICO'!$A$2:$A$4919,$A25)/$E25,"") | K25: =_xlfn.MINIFS('DETALLE CRONOLÓGICO'!$K$2:$K$4919,'DETALLE CRONOLÓGICO'!$A$2:$A$4919,$A25) | L25: =_xlfn.MAXIFS('DETALLE CRONOLÓGICO'!$K$2:$K$4919,'DETALLE CRONOLÓGICO'!$A$2:$A$4919,$A25) | M25: =INDEX('DETALLE CRONOLÓGICO'!$K$2:$K$4919,MATCH($A25,'DETALLE CRONOLÓGICO'!$A$2:$A$4919,0)+$E25-1) | N25: =IFERROR($M25/INDEX('DETALLE CRONOLÓGICO'!$K$2:$K$4919,MATCH($A25,'DETALLE CRONOLÓGICO'!$A$2:$A$4919,0))-1,"") | O25: =IFERROR($I25*3,"") | P25: =IFERROR($I25*3.5,"") | Q25: =IFERROR($I25*4,"") | R25: 499 | S25: 0 | T25: draft | V25: SIN PRECIO
A26: 11915813184811 | B26: LENTES DE SOL MM BROWN | C26: Default Title | D26: CYNTHIA | E26: =COUNTIF('DETALLE CRONOLÓGICO'!$A$2:$A$4919,$A26) | F26: =SUMIFS('DETALLE CRONOLÓGICO'!$I$2:$I$4919,'DETALLE CRONOLÓGICO'!$A$2:$A$4919,$A26) | G26: =INDEX('DETALLE CRONOLÓGICO'!$D$2:$D$4919,MATCH($A26,'DETALLE CRONOLÓGICO'!$A$2:$A$4919,0)) | H26: =INDEX('DETALLE CRONOLÓGICO'!$D$2:$D$4919,MATCH($A26,'DETALLE CRONOLÓGICO'!$A$2:$A$4919,0)+$E26-1) | I26: =IFERROR(SUMIFS('DETALLE CRONOLÓGICO'!$L$2:$L$4919,'DETALLE CRONOLÓGICO'!$A$2:$A$4919,$A26)/$F26,"") | J26: =IFERROR(SUMIFS('DETALLE CRONOLÓGICO'!$K$2:$K$4919,'DETALLE CRONOLÓGICO'!$A$2:$A$4919,$A26)/$E26,"") | K26: =_xlfn.MINIFS('DETALLE CRONOLÓGICO'!$K$2:$K$4919,'DETALLE CRONOLÓGICO'!$A$2:$A$4919,$A26) | L26: =_xlfn.MAXIFS('DETALLE CRONOLÓGICO'!$K$2:$K$4919,'DETALLE CRONOLÓGICO'!$A$2:$A$4919,$A26) | M26: =INDEX('DETALLE CRONOLÓGICO'!$K$2:$K$4919,MATCH($A26,'DETALLE CRONOLÓGICO'!$A$2:$A$4919,0)+$E26-1) | N26: =IFERROR($M26/INDEX('DETALLE CRONOLÓGICO'!$K$2:$K$4919,MATCH($A26,'DETALLE CRONOLÓGICO'!$A$2:$A$4919,0))-1,"") | O26: =IFERROR($I26*3,"") | P26: =IFERROR($I26*3.5,"") | Q26: =IFERROR($I26*4,"") | R26: 2730 | S26: 4 | T26: active | V26: SIN PRECIO
A27: 11915820343339 | B27: LENTES MM HAVANA | C27: Default Title | D27: CYNTHIA | E27: =COUNTIF('DETALLE CRONOLÓGICO'!$A$2:$A$4919,$A27) | F27: =SUMIFS('DETALLE CRONOLÓGICO'!$I$2:$I$4919,'DETALLE CRONOLÓGICO'!$A$2:$A$4919,$A27) | G27: =INDEX('DETALLE CRONOLÓGICO'!$D$2:$D$4919,MATCH($A27,'DETALLE CRONOLÓGICO'!$A$2:$A$4919,0)) | H27: =INDEX('DETALLE CRONOLÓGICO'!$D$2:$D$4919,MATCH($A27,'DETALLE CRONOLÓGICO'!$A$2:$A$4919,0)+$E27-1) | I27: =IFERROR(SUMIFS('DETALLE CRONOLÓGICO'!$L$2:$L$4919,'DETALLE CRONOLÓGICO'!$A$2:$A$4919,$A27)/$F27,"") | J27: =IFERROR(SUMIFS('DETALLE CRONOLÓGICO'!$K$2:$K$4919,'DETALLE CRONOLÓGICO'!$A$2:$A$4919,$A27)/$E27,"") | K27: =_xlfn.MINIFS('DETALLE CRONOLÓGICO'!$K$2:$K$4919,'DETALLE CRONOLÓGICO'!$A$2:$A$4919,$A27) | L27: =_xlfn.MAXIFS('DETALLE CRONOLÓGICO'!$K$2:$K$4919,'DETALLE CRONOLÓGICO'!$A$2:$A$4919,$A27) | M27: =INDEX('DETALLE CRONOLÓGICO'!$K$2:$K$4919,MATCH($A27,'DETALLE CRONOLÓGICO'!$A$2:$A$4919,0)+$E27-1) | N27: =IFERROR($M27/INDEX('DETALLE CRONOLÓGICO'!$K$2:$K$4919,MATCH($A27,'DETALLE CRONOLÓGICO'!$A$2:$A$4919,0))-1,"") | O27: =IFERROR($I27*3,"") | P27: =IFERROR($I27*3.5,"") | Q27: =IFERROR($I27*4,"") | R27: 2899 | S27: 1 | T27: active | V27: SIN PRECIO
A28: 11915825730987 | B28: TRAJE DE BAÑO C | C28: M | D28: CYNTHIA | E28: =COUNTIF('DETALLE CRONOLÓGICO'!$A$2:$A$4919,$A28) | F28: =SUMIFS('DETALLE CRONOLÓGICO'!$I$2:$I$4919,'DETALLE CRONOLÓGICO'!$A$2:$A$4919,$A28) | G28: =INDEX('DETALLE CRONOLÓGICO'!$D$2:$D$4919,MATCH($A28,'DETALLE CRONOLÓGICO'!$A$2:$A$4919,0)) | H28: =INDEX('DETALLE CRONOLÓGICO'!$D$2:$D$4919,MATCH($A28,'DETALLE CRONOLÓGICO'!$A$2:$A$4919,0)+$E28-1) | I28: =IFERROR(SUMIFS('DETALLE CRONOLÓGICO'!$L$2:$L$4919,'DETALLE CRONOLÓGICO'!$A$2:$A$4919,$A28)/$F28,"") | J28: =IFERROR(SUMIFS('DETALLE CRONOLÓGICO'!$K$2:$K$4919,'DETALLE CRONOLÓGICO'!$A$2:$A$4919,$A28)/$E28,"") | K28: =_xlfn.MINIFS('DETALLE CRONOLÓGICO'!$K$2:$K$4919,'DETALLE CRONOLÓGICO'!$A$2:$A$4919,$A28) | L28: =_xlfn.MAXIFS('DETALLE CRONOLÓGICO'!$K$2:$K$4919,'DETALLE CRONOLÓGICO'!$A$2:$A$4919,$A28) | M28: =INDEX('DETALLE CRONOLÓGICO'!$K$2:$K$4919,MATCH($A28,'DETALLE CRONOLÓGICO'!$A$2:$A$4919,0)+$E28-1) | N28: =IFERROR($M28/INDEX('DETALLE CRONOLÓGICO'!$K$2:$K$4919,MATCH($A28,'DETALLE CRONOLÓGICO'!$A$2:$A$4919,0))-1,"") | O28: =IFERROR($I28*3,"") | P28: =IFERROR($I28*3.5,"") | Q28: =IFERROR($I28*4,"") | T28: YA NO EXISTE EN SHOPIFY | V28: SIN PRECIO
A29: 11915825763755 | B29: TRAJE DE BAÑO C | C29: L | D29: CYNTHIA | E29: =COUNTIF('DETALLE CRONOLÓGICO'!$A$2:$A$4919,$A29) | F29: =SUMIFS('DETALLE CRONOLÓGICO'!$I$2:$I$4919,'DETALLE CRONOLÓGICO'!$A$2:$A$4919,$A29) | G29: =INDEX('DETALLE CRONOLÓGICO'!$D$2:$D$4919,MATCH($A29,'DETALLE CRONOLÓGICO'!$A$2:$A$4919,0)) | H29: =INDEX('DETALLE CRONOLÓGICO'!$D$2:$D$4919,MATCH($A29,'DETALLE CRONOLÓGICO'!$A$2:$A$4919,0)+$E29-1) | I29: =IFERROR(SUMIFS('DETALLE CRONOLÓGICO'!$L$2:$L$4919,'DETALLE CRONOLÓGICO'!$A$2:$A$4919,$A29)/$F29,"") | J29: =IFERROR(SUMIFS('DETALLE CRONOLÓGICO'!$K$2:$K$4919,'DETALLE CRONOLÓGICO'!$A$2:$A$4919,$A29)/$E29,"") | K29: =_xlfn.MINIFS('DETALLE CRONOLÓGICO'!$K$2:$K$4919,'DETALLE CRONOLÓGICO'!$A$2:$A$4919,$A29) | L29: =_xlfn.MAXIFS('DETALLE CRONOLÓGICO'!$K$2:$K$4919,'DETALLE CRONOLÓGICO'!$A$2:$A$4919,$A29) | M29: =INDEX('DETALLE CRONOLÓGICO'!$K$2:$K$4919,MATCH($A29,'DETALLE CRONOLÓGICO'!$A$2:$A$4919,0)+$E29-1) | N29: =IFERROR($M29/INDEX('DETALLE CRONOLÓGICO'!$K$2:$K$4919,MATCH($A29,'DETALLE CRONOLÓGICO'!$A$2:$A$4919,0))-1,"") | O29: =IFERROR($I29*3,"") | P29: =IFERROR($I29*3.5,"") | Q29: =IFERROR($I29*4,"") | R29: 1099 | S29: 0 | T29: active | V29: SIN PRECIO
A30: 11915826071979 | B30: LENTES LV EVIDENCE | C30: HIGH QUALITY | D30: CYNTHIA | E30: =COUNTIF('DETALLE CRONOLÓGICO'!$A$2:$A$4919,$A30) | F30: =SUMIFS('DETALLE CRONOLÓGICO'!$I$2:$I$4919,'DETALLE CRONOLÓGICO'!$A$2:$A$4919,$A30) | G30: =INDEX('DETALLE CRONOLÓGICO'!$D$2:$D$4919,MATCH($A30,'DETALLE CRONOLÓGICO'!$A$2:$A$4919,0)) | H30: =INDEX('DETALLE CRONOLÓGICO'!$D$2:$D$4919,MATCH($A30,'DETALLE CRONOLÓGICO'!$A$2:$A$4919,0)+$E30-1) | I30: =IFERROR(SUMIFS('DETALLE CRONOLÓGICO'!$L$2:$L$4919,'DETALLE CRONOLÓGICO'!$A$2:$A$4919,$A30)/$F30,"") | J30: =IFERROR(SUMIFS('DETALLE CRONOLÓGICO'!$K$2:$K$4919,'DETALLE CRONOLÓGICO'!$A$2:$A$4919,$A30)/$E30,"") | K30: =_xlfn.MINIFS('DETALLE CRONOLÓGICO'!$K$2:$K$4919,'DETALLE CRONOLÓGICO'!$A$2:$A$4919,$A30) | L30: =_xlfn.MAXIFS('DETALLE CRONOLÓGICO'!$K$2:$K$4919,'DETALLE CRONOLÓGICO'!$A$2:$A$4919,$A30) | M30: =INDEX('DETALLE CRONOLÓGICO'!$K$2:$K$4919,MATCH($A30,'DETALLE CRONOLÓGICO'!$A$2:$A$4919,0)+$E30-1) | N30: =IFERROR($M30/INDEX('DETALLE CRONOLÓGICO'!$K$2:$K$4919,MATCH($A30,'DETALLE CRONOLÓGICO'!$A$2:$A$4919,0))-1,"") | O30: =IFERROR($I30*3,"") | P30: =IFERROR($I30*3.5,"") | Q30: =IFERROR($I30*4,"") | R30: 955 | S30: 1 | T30: active | V30: SIN PRECIO
A31: 11915828032299 | B31: BOLSO DE VIAJE G BOWLING 55 GREEN | C31: Default Title | D31: CYNTHIA | E31: =COUNTIF('DETALLE CRONOLÓGICO'!$A$2:$A$4919,$A31) | F31: =SUMIFS('DETALLE CRONOLÓGICO'!$I$2:$I$4919,'DETALLE CRONOLÓGICO'!$A$2:$A$4919,$A31) | G31: =INDEX('DETALLE CRONOLÓGICO'!$D$2:$D$4919,MATCH($A31,'DETALLE CRONOLÓGICO'!$A$2:$A$4919,0)) | H31: =INDEX('DETALLE CRONOLÓGICO'!$D$2:$D$4919,MATCH($A31,'DETALLE CRONOLÓGICO'!$A$2:$A$4919,0)+$E31-1) | I31: =IFERROR(SUMIFS('DETALLE CRONOLÓGICO'!$L$2:$L$4919,'DETALLE CRONOLÓGICO'!$A$2:$A$4919,$A31)/$F31,"") | J31: =IFERROR(SUMIFS('DETALLE CRONOLÓGICO'!$K$2:$K$4919,'DETALLE CRONOLÓGICO'!$A$2:$A$4919,$A31)/$E31,"") | K31: =_xlfn.MINIFS('DETALLE CRONOLÓGICO'!$K$2:$K$4919,'DETALLE CRONOLÓGICO'!$A$2:$A$4919,$A31) | L31: =_xlfn.MAXIFS('DETALLE CRONOLÓGICO'!$K$2:$K$4919,'DETALLE CRONOLÓGICO'!$A$2:$A$4919,$A31) | M31: =INDEX('DETALLE CRONOLÓGICO'!$K$2:$K$4919,MATCH($A31,'DETALLE CRONOLÓGICO'!$A$2:$A$4919,0)+$E31-1) | N31: =IFERROR($M31/INDEX('DETALLE CRONOLÓGICO'!$K$2:$K$4919,MATCH($A31,'DETALLE CRONOLÓGICO'!$A$2:$A$4919,0))-1,"") | O31: =IFERROR($I31*3,"") | P31: =IFERROR($I31*3.5,"") | Q31: =IFERROR($I31*4,"") | R31: 7999 | S31: 3 | T31: active | V31: SIN PRECIO
A32: 11915828105387 | B32: TRAJE DE BAÑO V | C32: M | D32: CYNTHIA | E32: =COUNTIF('DETALLE CRONOLÓGICO'!$A$2:$A$4919,$A32) | F32: =SUMIFS('DETALLE CRONOLÓGICO'!$I$2:$I$4919,'DETALLE CRONOLÓGICO'!$A$2:$A$4919,$A32) | G32: =INDEX('DETALLE CRONOLÓGICO'!$D$2:$D$4919,MATCH($A32,'DETALLE CRONOLÓGICO'!$A$2:$A$4919,0)) | H32: =INDEX('DETALLE CRONOLÓGICO'!$D$2:$D$4919,MATCH($A32,'DETALLE CRONOLÓGICO'!$A$2:$A$4919,0)+$E32-1) | I32: =IFERROR(SUMIFS('DETALLE CRONOLÓGICO'!$L$2:$L$4919,'DETALLE CRONOLÓGICO'!$A$2:$A$4919,$A32)/$F32,"") | J32: =IFERROR(SUMIFS('DETALLE CRONOLÓGICO'!$K$2:$K$4919,'DETALLE CRONOLÓGICO'!$A$2:$A$4919,$A32)/$E32,"") | K32: =_xlfn.MINIFS('DETALLE CRONOLÓGICO'!$K$2:$K$4919,'DETALLE CRONOLÓGICO'!$A$2:$A$4919,$A32) | L32: =_xlfn.MAXIFS('DETALLE CRONOLÓGICO'!$K$2:$K$4919,'DETALLE CRONOLÓGICO'!$A$2:$A$4919,$A32) | M32: =INDEX('DETALLE CRONOLÓGICO'!$K$2:$K$4919,MATCH($A32,'DETALLE CRONOLÓGICO'!$A$2:$A$4919,0)+$E32-1) | N32: =IFERROR($M32/INDEX('DETALLE CRONOLÓGICO'!$K$2:$K$4919,MATCH($A32,'DETALLE CRONOLÓGICO'!$A$2:$A$4919,0))-1,"") | O32: =IFERROR($I32*3,"") | P32: =IFERROR($I32*3.5,"") | Q32: =IFERROR($I32*4,"") | R32: 1149 | S32: 0 | T32: active | V32: SIN PRECIO
A33: 11915828138155 | B33: TRAJE DE BAÑO V | C33: L | D33: CYNTHIA | E33: =COUNTIF('DETALLE CRONOLÓGICO'!$A$2:$A$4919,$A33) | F33: =SUMIFS('DETALLE CRONOLÓGICO'!$I$2:$I$4919,'DETALLE CRONOLÓGICO'!$A$2:$A$4919,$A33) | G33: =INDEX('DETALLE CRONOLÓGICO'!$D$2:$D$4919,MATCH($A33,'DETALLE CRONOLÓGICO'!$A$2:$A$4919,0)) | H33: =INDEX('DETALLE CRONOLÓGICO'!$D$2:$D$4919,MATCH($A33,'DETALLE CRONOLÓGICO'!$A$2:$A$4919,0)+$E33-1) | I33: =IFERROR(SUMIFS('DETALLE CRONOLÓGICO'!$L$2:$L$4919,'DETALLE CRONOLÓGICO'!$A$2:$A$4919,$A33)/$F33,"") | J33: =IFERROR(SUMIFS('DETALLE CRONOLÓGICO'!$K$2:$K$4919,'DETALLE CRONOLÓGICO'!$A$2:$A$4919,$A33)/$E33,"") | K33: =_xlfn.MINIFS('DETALLE CRONOLÓGICO'!$K$2:$K$4919,'DETALLE CRONOLÓGICO'!$A$2:$A$4919,$A33) | L33: =_xlfn.MAXIFS('DETALLE CRONOLÓGICO'!$K$2:$K$4919,'DETALLE CRONOLÓGICO'!$A$2:$A$4919,$A33) | M33: =INDEX('DETALLE CRONOLÓGICO'!$K$2:$K$4919,MATCH($A33,'DETALLE CRONOLÓGICO'!$A$2:$A$4919,0)+$E33-1) | N33: =IFERROR($M33/INDEX('DETALLE CRONOLÓGICO'!$K$2:$K$4919,MATCH($A33,'DETALLE CRONOLÓGICO'!$A$2:$A$4919,0))-1,"") | O33: =IFERROR($I33*3,"") | P33: =IFERROR($I33*3.5,"") | Q33: =IFERROR($I33*4,"") | R33: 1149 | S33: 6 | T33: active | V33: SIN PRECIO
A34: 11966951169965 | B34: PULSERA DE CUENTAS CON INSIGNIA DE CORAZÓN BLUE | C34: 20 cm | D34: HAIFENG | E34: =COUNTIF('DETALLE CRONOLÓGICO'!$A$2:$A$4919,$A34) | F34: =SUMIFS('DETALLE CRONOLÓGICO'!$I$2:$I$4919,'DETALLE CRONOLÓGICO'!$A$2:$A$4919,$A34) | G34: =INDEX('DETALLE CRONOLÓGICO'!$D$2:$D$4919,MATCH($A34,'DETALLE CRONOLÓGICO'!$A$2:$A$4919,0)) | H34: =INDEX('DETALLE CRONOLÓGICO'!$D$2:$D$4919,MATCH($A34,'DETALLE CRONOLÓGICO'!$A$2:$A$4919,0)+$E34-1) | I34: =IFERROR(SUMIFS('DETALLE CRONOLÓGICO'!$L$2:$L$4919,'DETALLE CRONOLÓGICO'!$A$2:$A$4919,$A34)/$F34,"") | J34: =IFERROR(SUMIFS('DETALLE CRONOLÓGICO'!$K$2:$K$4919,'DETALLE CRONOLÓGICO'!$A$2:$A$4919,$A34)/$E34,"") | K34: =_xlfn.MINIFS('DETALLE CRONOLÓGICO'!$K$2:$K$4919,'DETALLE CRONOLÓGICO'!$A$2:$A$4919,$A34) | L34: =_xlfn.MAXIFS('DETALLE CRONOLÓGICO'!$K$2:$K$4919,'DETALLE CRONOLÓGICO'!$A$2:$A$4919,$A34) | M34: =INDEX('DETALLE CRONOLÓGICO'!$K$2:$K$4919,MATCH($A34,'DETALLE CRONOLÓGICO'!$A$2:$A$4919,0)+$E34-1) | N34: =IFERROR($M34/INDEX('DETALLE CRONOLÓGICO'!$K$2:$K$4919,MATCH($A34,'DETALLE CRONOLÓGICO'!$A$2:$A$4919,0))-1,"") | O34: =IFERROR($I34*3,"") | P34: =IFERROR($I34*3.5,"") | Q34: =IFERROR($I34*4,"") | R34: 550 | S34: 2 | T34: active | V34: SIN PRECIO
A35: 12314361063501 | B35: ANILLO F DOBLE GOLD | C35: AJUSTABLE | D35: HAIFENG | E35: =COUNTIF('DETALLE CRONOLÓGICO'!$A$2:$A$4919,$A35) | F35: =SUMIFS('DETALLE CRONOLÓGICO'!$I$2:$I$4919,'DETALLE CRONOLÓGICO'!$A$2:$A$4919,$A35) | G35: =INDEX('DETALLE CRONOLÓGICO'!$D$2:$D$4919,MATCH($A35,'DETALLE CRONOLÓGICO'!$A$2:$A$4919,0)) | H35: =INDEX('DETALLE CRONOLÓGICO'!$D$2:$D$4919,MATCH($A35,'DETALLE CRONOLÓGICO'!$A$2:$A$4919,0)+$E35-1) | I35: =IFERROR(SUMIFS('DETALLE CRONOLÓGICO'!$L$2:$L$4919,'DETALLE CRONOLÓGICO'!$A$2:$A$4919,$A35)/$F35,"") | J35: =IFERROR(SUMIFS('DETALLE CRONOLÓGICO'!$K$2:$K$4919,'DETALLE CRONOLÓGICO'!$A$2:$A$4919,$A35)/$E35,"") | K35: =_xlfn.MINIFS('DETALLE CRONOLÓGICO'!$K$2:$K$4919,'DETALLE CRONOLÓGICO'!$A$2:$A$4919,$A35) | L35: =_xlfn.MAXIFS('DETALLE CRONOLÓGICO'!$K$2:$K$4919,'DETALLE CRONOLÓGICO'!$A$2:$A$4919,$A35) | M35: =INDEX('DETALLE CRONOLÓGICO'!$K$2:$K$4919,MATCH($A35,'DETALLE CRONOLÓGICO'!$A$2:$A$4919,0)+$E35-1) | N35: =IFERROR($M35/INDEX('DETALLE CRONOLÓGICO'!$K$2:$K$4919,MATCH($A35,'DETALLE CRONOLÓGICO'!$A$2:$A$4919,0))-1,"") | O35: =IFERROR($I35*3,"") | P35: =IFERROR($I35*3.5,"") | Q35: =IFERROR($I35*4,"") | R35: 620 | S35: 0 | T35: active | V35: SIN PRECIO
A36: 12314361226797 | B36: ARRACADAS COLGANTES F ZIRCONIA | C36: Default Title | D36: HAIFENG | E36: =COUNTIF('DETALLE CRONOLÓGICO'!$A$2:$A$4919,$A36) | F36: =SUMIFS('DETALLE CRONOLÓGICO'!$I$2:$I$4919,'DETALLE CRONOLÓGICO'!$A$2:$A$4919,$A36) | G36: =INDEX('DETALLE CRONOLÓGICO'!$D$2:$D$4919,MATCH($A36,'DETALLE CRONOLÓGICO'!$A$2:$A$4919,0)) | H36: =INDEX('DETALLE CRONOLÓGICO'!$D$2:$D$4919,MATCH($A36,'DETALLE CRONOLÓGICO'!$A$2:$A$4919,0)+$E36-1) | I36: =IFERROR(SUMIFS('DETALLE CRONOLÓGICO'!$L$2:$L$4919,'DETALLE CRONOLÓGICO'!$A$2:$A$4919,$A36)/$F36,"") | J36: =IFERROR(SUMIFS('DETALLE CRONOLÓGICO'!$K$2:$K$4919,'DETALLE CRONOLÓGICO'!$A$2:$A$4919,$A36)/$E36,"") | K36: =_xlfn.MINIFS('DETALLE CRONOLÓGICO'!$K$2:$K$4919,'DETALLE CRONOLÓGICO'!$A$2:$A$4919,$A36) | L36: =_xlfn.MAXIFS('DETALLE CRONOLÓGICO'!$K$2:$K$4919,'DETALLE CRONOLÓGICO'!$A$2:$A$4919,$A36) | M36: =INDEX('DETALLE CRONOLÓGICO'!$K$2:$K$4919,MATCH($A36,'DETALLE CRONOLÓGICO'!$A$2:$A$4919,0)+$E36-1) | N36: =IFERROR($M36/INDEX('DETALLE CRONOLÓGICO'!$K$2:$K$4919,MATCH($A36,'DETALLE CRONOLÓGICO'!$A$2:$A$4919,0))-1,"") | O36: =IFERROR($I36*3,"") | P36: =IFERROR($I36*3.5,"") | Q36: =IFERROR($I36*4,"") | R36: 670 | S36: 1 | T36: active | V36: SIN PRECIO
A37: 12314361364653 | B37: ARETES F GOLD PEARL | C37: Default Title | D37: HAIFENG | E37: =COUNTIF('DETALLE CRONOLÓGICO'!$A$2:$A$4919,$A37) | F37: =SUMIFS('DETALLE CRONOLÓGICO'!$I$2:$I$4919,'DETALLE CRONOLÓGICO'!$A$2:$A$4919,$A37) | G37: =INDEX('DETALLE CRONOLÓGICO'!$D$2:$D$4919,MATCH($A37,'DETALLE CRONOLÓGICO'!$A$2:$A$4919,0)) | H37: =INDEX('DETALLE CRONOLÓGICO'!$D$2:$D$4919,MATCH($A37,'DETALLE CRONOLÓGICO'!$A$2:$A$4919,0)+$E37-1) | I37: =IFERROR(SUMIFS('DETALLE CRONOLÓGICO'!$L$2:$L$4919,'DETALLE CRONOLÓGICO'!$A$2:$A$4919,$A37)/$F37,"") | J37: =IFERROR(SUMIFS('DETALLE CRONOLÓGICO'!$K$2:$K$4919,'DETALLE CRONOLÓGICO'!$A$2:$A$4919,$A37)/$E37,"") | K37: =_xlfn.MINIFS('DETALLE CRONOLÓGICO'!$K$2:$K$4919,'DETALLE CRONOLÓGICO'!$A$2:$A$4919,$A37) | L37: =_xlfn.MAXIFS('DETALLE CRONOLÓGICO'!$K$2:$K$4919,'DETALLE CRONOLÓGICO'!$A$2:$A$4919,$A37) | M37: =INDEX('DETALLE CRONOLÓGICO'!$K$2:$K$4919,MATCH($A37,'DETALLE CRONOLÓGICO'!$A$2:$A$4919,0)+$E37-1) | N37: =IFERROR($M37/INDEX('DETALLE CRONOLÓGICO'!$K$2:$K$4919,MATCH($A37,'DETALLE CRONOLÓGICO'!$A$2:$A$4919,0))-1,"") | O37: =IFERROR($I37*3,"") | P37: =IFERROR($I37*3.5,"") | Q37: =IFERROR($I37*4,"") | R37: 699 | S37: 4 | T37: active | V37: SIN PRECIO
A38: 12314361469741 | B38: ARETES F FILO GOLD | C38: Default Title | D38: HAIFENG | E38: =COUNTIF('DETALLE CRONOLÓGICO'!$A$2:$A$4919,$A38) | F38: =SUMIFS('DETALLE CRONOLÓGICO'!$I$2:$I$4919,'DETALLE CRONOLÓGICO'!$A$2:$A$4919,$A38) | G38: =INDEX('DETALLE CRONOLÓGICO'!$D$2:$D$4919,MATCH($A38,'DETALLE CRONOLÓGICO'!$A$2:$A$4919,0)) | H38: =INDEX('DETALLE CRONOLÓGICO'!$D$2:$D$4919,MATCH($A38,'DETALLE CRONOLÓGICO'!$A$2:$A$4919,0)+$E38-1) | I38: =IFERROR(SUMIFS('DETALLE CRONOLÓGICO'!$L$2:$L$4919,'DETALLE CRONOLÓGICO'!$A$2:$A$4919,$A38)/$F38,"") | J38: =IFERROR(SUMIFS('DETALLE CRONOLÓGICO'!$K$2:$K$4919,'DETALLE CRONOLÓGICO'!$A$2:$A$4919,$A38)/$E38,"") | K38: =_xlfn.MINIFS('DETALLE CRONOLÓGICO'!$K$2:$K$4919,'DETALLE CRONOLÓGICO'!$A$2:$A$4919,$A38) | L38: =_xlfn.MAXIFS('DETALLE CRONOLÓGICO'!$K$2:$K$4919,'DETALLE CRONOLÓGICO'!$A$2:$A$4919,$A38) | M38: =INDEX('DETALLE CRONOLÓGICO'!$K$2:$K$4919,MATCH($A38,'DETALLE CRONOLÓGICO'!$A$2:$A$4919,0)+$E38-1) | N38: =IFERROR($M38/INDEX('DETALLE CRONOLÓGICO'!$K$2:$K$4919,MATCH($A38,'DETALLE CRONOLÓGICO'!$A$2:$A$4919,0))-1,"") | O38: =IFERROR($I38*3,"") | P38: =IFERROR($I38*3.5,"") | Q38: =IFERROR($I38*4,"") | R38: 699 | S38: 2 | T38: active | V38: SIN PRECIO
A39: 12314361504205 | B39: ANILLO F SILVER ZIRCONIAS | C39: 8 | D39: HAIFENG | E39: =COUNTIF('DETALLE CRONOLÓGICO'!$A$2:$A$4919,$A39) | F39: =SUMIFS('DETALLE CRONOLÓGICO'!$I$2:$I$4919,'DETALLE CRONOLÓGICO'!$A$2:$A$4919,$A39) | G39: =INDEX('DETALLE CRONOLÓGICO'!$D$2:$D$4919,MATCH($A39,'DETALLE CRONOLÓGICO'!$A$2:$A$4919,0)) | H39: =INDEX('DETALLE CRONOLÓGICO'!$D$2:$D$4919,MATCH($A39,'DETALLE CRONOLÓGICO'!$A$2:$A$4919,0)+$E39-1) | I39: =IFERROR(SUMIFS('DETALLE CRONOLÓGICO'!$L$2:$L$4919,'DETALLE CRONOLÓGICO'!$A$2:$A$4919,$A39)/$F39,"") | J39: =IFERROR(SUMIFS('DETALLE CRONOLÓGICO'!$K$2:$K$4919,'DETALLE CRONOLÓGICO'!$A$2:$A$4919,$A39)/$E39,"") | K39: =_xlfn.MINIFS('DETALLE CRONOLÓGICO'!$K$2:$K$4919,'DETALLE CRONOLÓGICO'!$A$2:$A$4919,$A39) | L39: =_xlfn.MAXIFS('DETALLE CRONOLÓGICO'!$K$2:$K$4919,'DETALLE CRONOLÓGICO'!$A$2:$A$4919,$A39) | M39: =INDEX('DETALLE CRONOLÓGICO'!$K$2:$K$4919,MATCH($A39,'DETALLE CRONOLÓGICO'!$A$2:$A$4919,0)+$E39-1) | N39: =IFERROR($M39/INDEX('DETALLE CRONOLÓGICO'!$K$2:$K$4919,MATCH($A39,'DETALLE CRONOLÓGICO'!$A$2:$A$4919,0))-1,"") | O39: =IFERROR($I39*3,"") | P39: =IFERROR($I39*3.5,"") | Q39: =IFERROR($I39*4,"") | R39: 404 | S39: 1 | T39: active | V39: SIN PRECIO
A40: 12314361636973 | B40: ANILLO F SILVER ZIRCONIAS | C40: 9 | D40: HAIFENG | E40: =COUNTIF('DETALLE CRONOLÓGICO'!$A$2:$A$4919,$A40) | F40: =SUMIFS('DETALLE CRONOLÓGICO'!$I$2:$I$4919,'DETALLE CRONOLÓGICO'!$A$2:$A$4919,$A40) | G40: =INDEX('DETALLE CRONOLÓGICO'!$D$2:$D$4919,MATCH($A40,'DETALLE CRONOLÓGICO'!$A$2:$A$4919,0)) | H40: =INDEX('DETALLE CRONOLÓGICO'!$D$2:$D$4919,MATCH($A40,'DETALLE CRONOLÓGICO'!$A$2:$A$4919,0)+$E40-1) | I40: =IFERROR(SUMIFS('DETALLE CRONOLÓGICO'!$L$2:$L$4919,'DETALLE CRONOLÓGICO'!$A$2:$A$4919,$A40)/$F40,"") | J40: =IFERROR(SUMIFS('DETALLE CRONOLÓGICO'!$K$2:$K$4919,'DETALLE CRONOLÓGICO'!$A$2:$A$4919,$A40)/$E40,"") | K40: =_xlfn.MINIFS('DETALLE CRONOLÓGICO'!$K$2:$K$4919,'DETALLE CRONOLÓGICO'!$A$2:$A$4919,$A40) | L40: =_xlfn.MAXIFS('DETALLE CRONOLÓGICO'!$K$2:$K$4919,'DETALLE CRONOLÓGICO'!$A$2:$A$4919,$A40) | M40: =INDEX('DETALLE CRONOLÓGICO'!$K$2:$K$4919,MATCH($A40,'DETALLE CRONOLÓGICO'!$A$2:$A$4919,0)+$E40-1) | N40: =IFERROR($M40/INDEX('DETALLE CRONOLÓGICO'!$K$2:$K$4919,MATCH($A40,'DETALLE CRONOLÓGICO'!$A$2:$A$4919,0))-1,"") | O40: =IFERROR($I40*3,"") | P40: =IFERROR($I40*3.5,"") | Q40: =IFERROR($I40*4,"") | R40: 374 | S40: 2 | T40: active | V40: SIN PRECIO
A41: 12314361740365 | B41: COLLAR F GOLD ZIRCONIAS | C41: Default Title | D41: HAIFENG | E41: =COUNTIF('DETALLE CRONOLÓGICO'!$A$2:$A$4919,$A41) | F41: =SUMIFS('DETALLE CRONOLÓGICO'!$I$2:$I$4919,'DETALLE CRONOLÓGICO'!$A$2:$A$4919,$A41) | G41: =INDEX('DETALLE CRONOLÓGICO'!$D$2:$D$4919,MATCH($A41,'DETALLE CRONOLÓGICO'!$A$2:$A$4919,0)) | H41: =INDEX('DETALLE CRONOLÓGICO'!$D$2:$D$4919,MATCH($A41,'DETALLE CRONOLÓGICO'!$A$2:$A$4919,0)+$E41-1) | I41: =IFERROR(SUMIFS('DETALLE CRONOLÓGICO'!$L$2:$L$4919,'DETALLE CRONOLÓGICO'!$A$2:$A$4919,$A41)/$F41,"") | J41: =IFERROR(SUMIFS('DETALLE CRONOLÓGICO'!$K$2:$K$4919,'DETALLE CRONOLÓGICO'!$A$2:$A$4919,$A41)/$E41,"") | K41: =_xlfn.MINIFS('DETALLE CRONOLÓGICO'!$K$2:$K$4919,'DETALLE CRONOLÓGICO'!$A$2:$A$4919,$A41) | L41: =_xlfn.MAXIFS('DETALLE CRONOLÓGICO'!$K$2:$K$4919,'DETALLE CRONOLÓGICO'!$A$2:$A$4919,$A41) | M41: =INDEX('DETALLE CRONOLÓGICO'!$K$2:$K$4919,MATCH($A41,'DETALLE CRONOLÓGICO'!$A$2:$A$4919,0)+$E41-1) | N41: =IFERROR($M41/INDEX('DETALLE CRONOLÓGICO'!$K$2:$K$4919,MATCH($A41,'DETALLE CRONOLÓGICO'!$A$2:$A$4919,0))-1,"") | O41: =IFERROR($I41*3,"") | P41: =IFERROR($I41*3.5,"") | Q41: =IFERROR($I41*4,"") | R41: 660 | S41: 5 | T41: active | V41: SIN PRECIO
A42: 12314361978221 | B42: ARETES F SILVER ZIRCONIAS | C42: Default Title | D42: HAIFENG | E42: =COUNTIF('DETALLE CRONOLÓGICO'!$A$2:$A$4919,$A42) | F42: =SUMIFS('DETALLE CRONOLÓGICO'!$I$2:$I$4919,'DETALLE CRONOLÓGICO'!$A$2:$A$4919,$A42) | G42: =INDEX('DETALLE CRONOLÓGICO'!$D$2:$D$4919,MATCH($A42,'DETALLE CRONOLÓGICO'!$A$2:$A$4919,0)) | H42: =INDEX('DETALLE CRONOLÓGICO'!$D$2:$D$4919,MATCH($A42,'DETALLE CRONOLÓGICO'!$A$2:$A$4919,0)+$E42-1) | I42: =IFERROR(SUMIFS('DETALLE CRONOLÓGICO'!$L$2:$L$4919,'DETALLE CRONOLÓGICO'!$A$2:$A$4919,$A42)/$F42,"") | J42: =IFERROR(SUMIFS('DETALLE CRONOLÓGICO'!$K$2:$K$4919,'DETALLE CRONOLÓGICO'!$A$2:$A$4919,$A42)/$E42,"") | K42: =_xlfn.MINIFS('DETALLE CRONOLÓGICO'!$K$2:$K$4919,'DETALLE CRONOLÓGICO'!$A$2:$A$4919,$A42) | L42: =_xlfn.MAXIFS('DETALLE CRONOLÓGICO'!$K$2:$K$4919,'DETALLE CRONOLÓGICO'!$A$2:$A$4919,$A42) | M42: =INDEX('DETALLE CRONOLÓGICO'!$K$2:$K$4919,MATCH($A42,'DETALLE CRONOLÓGICO'!$A$2:$A$4919,0)+$E42-1) | N42: =IFERROR($M42/INDEX('DETALLE CRONOLÓGICO'!$K$2:$K$4919,MATCH($A42,'DETALLE CRONOLÓGICO'!$A$2:$A$4919,0))-1,"") | O42: =IFERROR($I42*3,"") | P42: =IFERROR($I42*3.5,"") | Q42: =IFERROR($I42*4,"") | R42: 580 | S42: 3 | T42: active | V42: SIN PRECIO
A43: 12314362081613 | B43: ARETES F GOLD ZIRCONIAS | C43: Default Title | D43: HAIFENG | E43: =COUNTIF('DETALLE CRONOLÓGICO'!$A$2:$A$4919,$A43) | F43: =SUMIFS('DETALLE CRONOLÓGICO'!$I$2:$I$4919,'DETALLE CRONOLÓGICO'!$A$2:$A$4919,$A43) | G43: =INDEX('DETALLE CRONOLÓGICO'!$D$2:$D$4919,MATCH($A43,'DETALLE CRONOLÓGICO'!$A$2:$A$4919,0)) | H43: =INDEX('DETALLE CRONOLÓGICO'!$D$2:$D$4919,MATCH($A43,'DETALLE CRONOLÓGICO'!$A$2:$A$4919,0)+$E43-1) | I43: =IFERROR(SUMIFS('DETALLE CRONOLÓGICO'!$L$2:$L$4919,'DETALLE CRONOLÓGICO'!$A$2:$A$4919,$A43)/$F43,"") | J43: =IFERROR(SUMIFS('DETALLE CRONOLÓGICO'!$K$2:$K$4919,'DETALLE CRONOLÓGICO'!$A$2:$A$4919,$A43)/$E43,"") | K43: =_xlfn.MINIFS('DETALLE CRONOLÓGICO'!$K$2:$K$4919,'DETALLE CRONOLÓGICO'!$A$2:$A$4919,$A43) | L43: =_xlfn.MAXIFS('DETALLE CRONOLÓGICO'!$K$2:$K$4919,'DETALLE CRONOLÓGICO'!$A$2:$A$4919,$A43) | M43: =INDEX('DETALLE CRONOLÓGICO'!$K$2:$K$4919,MATCH($A43,'DETALLE CRONOLÓGICO'!$A$2:$A$4919,0)+$E43-1) | N43: =IFERROR($M43/INDEX('DETALLE CRONOLÓGICO'!$K$2:$K$4919,MATCH($A43,'DETALLE CRONOLÓGICO'!$A$2:$A$4919,0))-1,"") | O43: =IFERROR($I43*3,"") | P43: =IFERROR($I43*3.5,"") | Q43: =IFERROR($I43*4,"") | R43: 580 | S43: 2 | T43: active | V43: SIN PRECIO
A44: 12314362119469 | B44: PULSERA F O'LOCK GOLD | C44: Default Title | D44: HAIFENG | E44: =COUNTIF('DETALLE CRONOLÓGICO'!$A$2:$A$4919,$A44) | F44: =SUMIFS('DETALLE CRONOLÓGICO'!$I$2:$I$4919,'DETALLE CRONOLÓGICO'!$A$2:$A$4919,$A44) | G44: =INDEX('DETALLE CRONOLÓGICO'!$D$2:$D$4919,MATCH($A44,'DETALLE CRONOLÓGICO'!$A$2:$A$4919,0)) | H44: =INDEX('DETALLE CRONOLÓGICO'!$D$2:$D$4919,MATCH($A44,'DETALLE CRONOLÓGICO'!$A$2:$A$4919,0)+$E44-1) | I44: =IFERROR(SUMIFS('DETALLE CRONOLÓGICO'!$L$2:$L$4919,'DETALLE CRONOLÓGICO'!$A$2:$A$4919,$A44)/$F44,"") | J44: =IFERROR(SUMIFS('DETALLE CRONOLÓGICO'!$K$2:$K$4919,'DETALLE CRONOLÓGICO'!$A$2:$A$4919,$A44)/$E44,"") | K44: =_xlfn.MINIFS('DETALLE CRONOLÓGICO'!$K$2:$K$4919,'DETALLE CRONOLÓGICO'!$A$2:$A$4919,$A44) | L44: =_xlfn.MAXIFS('DETALLE CRONOLÓGICO'!$K$2:$K$4919,'DETALLE CRONOLÓGICO'!$A$2:$A$4919,$A44) | M44: =INDEX('DETALLE CRONOLÓGICO'!$K$2:$K$4919,MATCH($A44,'DETALLE CRONOLÓGICO'!$A$2:$A$4919,0)+$E44-1) | N44: =IFERROR($M44/INDEX('DETALLE CRONOLÓGICO'!$K$2:$K$4919,MATCH($A44,'DETALLE CRONOLÓGICO'!$A$2:$A$4919,0))-1,"") | O44: =IFERROR($I44*3,"") | P44: =IFERROR($I44*3.5,"") | Q44: =IFERROR($I44*4,"") | R44: 580 | S44: 3 | T44: active | V44: SIN PRECIO
A45: 12314362492941 | B45: ARETES F GOLD | C45: Default Title | D45: HAIFENG | E45: =COUNTIF('DETALLE CRONOLÓGICO'!$A$2:$A$4919,$A45) | F45: =SUMIFS('DETALLE CRONOLÓGICO'!$I$2:$I$4919,'DETALLE CRONOLÓGICO'!$A$2:$A$4919,$A45) | G45: =INDEX('DETALLE CRONOLÓGICO'!$D$2:$D$4919,MATCH($A45,'DETALLE CRONOLÓGICO'!$A$2:$A$4919,0)) | H45: =INDEX('DETALLE CRONOLÓGICO'!$D$2:$D$4919,MATCH($A45,'DETALLE CRONOLÓGICO'!$A$2:$A$4919,0)+$E45-1) | I45: =IFERROR(SUMIFS('DETALLE CRONOLÓGICO'!$L$2:$L$4919,'DETALLE CRONOLÓGICO'!$A$2:$A$4919,$A45)/$F45,"") | J45: =IFERROR(SUMIFS('DETALLE CRONOLÓGICO'!$K$2:$K$4919,'DETALLE CRONOLÓGICO'!$A$2:$A$4919,$A45)/$E45,"") | K45: =_xlfn.MINIFS('DETALLE CRONOLÓGICO'!$K$2:$K$4919,'DETALLE CRONOLÓGICO'!$A$2:$A$4919,$A45) | L45: =_xlfn.MAXIFS('DETALLE CRONOLÓGICO'!$K$2:$K$4919,'DETALLE CRONOLÓGICO'!$A$2:$A$4919,$A45) | M45: =INDEX('DETALLE CRONOLÓGICO'!$K$2:$K$4919,MATCH($A45,'DETALLE CRONOLÓGICO'!$A$2:$A$4919,0)+$E45-1) | N45: =IFERROR($M45/INDEX('DETALLE CRONOLÓGICO'!$K$2:$K$4919,MATCH($A45,'DETALLE CRONOLÓGICO'!$A$2:$A$4919,0))-1,"") | O45: =IFERROR($I45*3,"") | P45: =IFERROR($I45*3.5,"") | Q45: =IFERROR($I45*4,"") | R45: 499 | S45: 4 | T45: active | V45: SIN PRECIO
A46: 12314362540493 | B46: ARRACADAS F GOLD-BLACK | C46: Default Title | D46: HAIFENG | E46: =COUNTIF('DETALLE CRONOLÓGICO'!$A$2:$A$4919,$A46) | F46: =SUMIFS('DETALLE CRONOLÓGICO'!$I$2:$I$4919,'DETALLE CRONOLÓGICO'!$A$2:$A$4919,$A46) | G46: =INDEX('DETALLE CRONOLÓGICO'!$D$2:$D$4919,MATCH($A46,'DETALLE CRONOLÓGICO'!$A$2:$A$4919,0)) | H46: =INDEX('DETALLE CRONOLÓGICO'!$D$2:$D$4919,MATCH($A46,'DETALLE CRONOLÓGICO'!$A$2:$A$4919,0)+$E46-1) | I46: =IFERROR(SUMIFS('DETALLE CRONOLÓGICO'!$L$2:$L$4919,'DETALLE CRONOLÓGICO'!$A$2:$A$4919,$A46)/$F46,"") | J46: =IFERROR(SUMIFS('DETALLE CRONOLÓGICO'!$K$2:$K$4919,'DETALLE CRONOLÓGICO'!$A$2:$A$4919,$A46)/$E46,"") | K46: =_xlfn.MINIFS('DETALLE CRONOLÓGICO'!$K$2:$K$4919,'DETALLE CRONOLÓGICO'!$A$2:$A$4919,$A46) | L46: =_xlfn.MAXIFS('DETALLE CRONOLÓGICO'!$K$2:$K$4919,'DETALLE CRONOLÓGICO'!$A$2:$A$4919,$A46) | M46: =INDEX('DETALLE CRONOLÓGICO'!$K$2:$K$4919,MATCH($A46,'DETALLE CRONOLÓGICO'!$A$2:$A$4919,0)+$E46-1) | N46: =IFERROR($M46/INDEX('DETALLE CRONOLÓGICO'!$K$2:$K$4919,MATCH($A46,'DETALLE CRONOLÓGICO'!$A$2:$A$4919,0))-1,"") | O46: =IFERROR($I46*3,"") | P46: =IFERROR($I46*3.5,"") | Q46: =IFERROR($I46*4,"") | R46: 670 | S46: 4 | T46: active | V46: SIN PRECIO
A47: 12314362665261 | B47: BRAZALETE F GOLD ZIRCONIAS | C47: 0.5 cm | D47: HAIFENG | E47: =COUNTIF('DETALLE CRONOLÓGICO'!$A$2:$A$4919,$A47) | F47: =SUMIFS('DETALLE CRONOLÓGICO'!$I$2:$I$4919,'DETALLE CRONOLÓGICO'!$A$2:$A$4919,$A47) | G47: =INDEX('DETALLE CRONOLÓGICO'!$D$2:$D$4919,MATCH($A47,'DETALLE CRONOLÓGICO'!$A$2:$A$4919,0)) | H47: =INDEX('DETALLE CRONOLÓGICO'!$D$2:$D$4919,MATCH($A47,'DETALLE CRONOLÓGICO'!$A$2:$A$4919,0)+$E47-1) | I47: =IFERROR(SUMIFS('DETALLE CRONOLÓGICO'!$L$2:$L$4919,'DETALLE CRONOLÓGICO'!$A$2:$A$4919,$A47)/$F47,"") | J47: =IFERROR(SUMIFS('DETALLE CRONOLÓGICO'!$K$2:$K$4919,'DETALLE CRONOLÓGICO'!$A$2:$A$4919,$A47)/$E47,"") | K47: =_xlfn.MINIFS('DETALLE CRONOLÓGICO'!$K$2:$K$4919,'DETALLE CRONOLÓGICO'!$A$2:$A$4919,$A47) | L47: =_xlfn.MAXIFS('DETALLE CRONOLÓGICO'!$K$2:$K$4919,'DETALLE CRONOLÓGICO'!$A$2:$A$4919,$A47) | M47: =INDEX('DETALLE CRONOLÓGICO'!$K$2:$K$4919,MATCH($A47,'DETALLE CRONOLÓGICO'!$A$2:$A$4919,0)+$E47-1) | N47: =IFERROR($M47/INDEX('DETALLE CRONOLÓGICO'!$K$2:$K$4919,MATCH($A47,'DETALLE CRONOLÓGICO'!$A$2:$A$4919,0))-1,"") | O47: =IFERROR($I47*3,"") | P47: =IFERROR($I47*3.5,"") | Q47: =IFERROR($I47*4,"") | R47: 840 | S47: 0 | T47: active | V47: SIN PRECIO
A48: 12314362703117 | B48: ANILLO F GOLD ZIRCONIAS | C48: 6 | D48: HAIFENG | E48: =COUNTIF('DETALLE CRONOLÓGICO'!$A$2:$A$4919,$A48) | F48: =SUMIFS('DETALLE CRONOLÓGICO'!$I$2:$I$4919,'DETALLE CRONOLÓGICO'!$A$2:$A$4919,$A48) | G48: =INDEX('DETALLE CRONOLÓGICO'!$D$2:$D$4919,MATCH($A48,'DETALLE CRONOLÓGICO'!$A$2:$A$4919,0)) | H48: =INDEX('DETALLE CRONOLÓGICO'!$D$2:$D$4919,MATCH($A48,'DETALLE CRONOLÓGICO'!$A$2:$A$4919,0)+$E48-1) | I48: =IFERROR(SUMIFS('DETALLE CRONOLÓGICO'!$L$2:$L$4919,'DETALLE CRONOLÓGICO'!$A$2:$A$4919,$A48)/$F48,"") | J48: =IFERROR(SUMIFS('DETALLE CRONOLÓGICO'!$K$2:$K$4919,'DETALLE CRONOLÓGICO'!$A$2:$A$4919,$A48)/$E48,"") | K48: =_xlfn.MINIFS('DETALLE CRONOLÓGICO'!$K$2:$K$4919,'DETALLE CRONOLÓGICO'!$A$2:$A$4919,$A48) | L48: =_xlfn.MAXIFS('DETALLE CRONOLÓGICO'!$K$2:$K$4919,'DETALLE CRONOLÓGICO'!$A$2:$A$4919,$A48) | M48: =INDEX('DETALLE CRONOLÓGICO'!$K$2:$K$4919,MATCH($A48,'DETALLE CRONOLÓGICO'!$A$2:$A$4919,0)+$E48-1) | N48: =IFERROR($M48/INDEX('DETALLE CRONOLÓGICO'!$K$2:$K$4919,MATCH($A48,'DETALLE CRONOLÓGICO'!$A$2:$A$4919,0))-1,"") | O48: =IFERROR($I48*3,"") | P48: =IFERROR($I48*3.5,"") | Q48: =IFERROR($I48*4,"") | R48: 576.8 | S48: 2 | T48: active | V48: SIN PRECIO
A49: 12314362835885 | B49: ANILLO F GOLD ZIRCONIAS | C49: 7 | D49: HAIFENG | E49: =COUNTIF('DETALLE CRONOLÓGICO'!$A$2:$A$4919,$A49) | F49: =SUMIFS('DETALLE CRONOLÓGICO'!$I$2:$I$4919,'DETALLE CRONOLÓGICO'!$A$2:$A$4919,$A49) | G49: =INDEX('DETALLE CRONOLÓGICO'!$D$2:$D$4919,MATCH($A49,'DETALLE CRONOLÓGICO'!$A$2:$A$4919,0)) | H49: =INDEX('DETALLE CRONOLÓGICO'!$D$2:$D$4919,MATCH($A49,'DETALLE CRONOLÓGICO'!$A$2:$A$4919,0)+$E49-1) | I49: =IFERROR(SUMIFS('DETALLE CRONOLÓGICO'!$L$2:$L$4919,'DETALLE CRONOLÓGICO'!$A$2:$A$4919,$A49)/$F49,"") | J49: =IFERROR(SUMIFS('DETALLE CRONOLÓGICO'!$K$2:$K$4919,'DETALLE CRONOLÓGICO'!$A$2:$A$4919,$A49)/$E49,"") | K49: =_xlfn.MINIFS('DETALLE CRONOLÓGICO'!$K$2:$K$4919,'DETALLE CRONOLÓGICO'!$A$2:$A$4919,$A49) | L49: =_xlfn.MAXIFS('DETALLE CRONOLÓGICO'!$K$2:$K$4919,'DETALLE CRONOLÓGICO'!$A$2:$A$4919,$A49) | M49: =INDEX('DETALLE CRONOLÓGICO'!$K$2:$K$4919,MATCH($A49,'DETALLE CRONOLÓGICO'!$A$2:$A$4919,0)+$E49-1) | N49: =IFERROR($M49/INDEX('DETALLE CRONOLÓGICO'!$K$2:$K$4919,MATCH($A49,'DETALLE CRONOLÓGICO'!$A$2:$A$4919,0))-1,"") | O49: =IFERROR($I49*3,"") | P49: =IFERROR($I49*3.5,"") | Q49: =IFERROR($I49*4,"") | R49: 576.8 | S49: 0 | T49: active | V49: SIN PRECIO
A50: 12314363483981 | B50: PULSERA F LOGOS GOLD-BLACK | C50: HIGH QUALITY | D50: HAIFENG | E50: =COUNTIF('DETALLE CRONOLÓGICO'!$A$2:$A$4919,$A50) | F50: =SUMIFS('DETALLE CRONOLÓGICO'!$I$2:$I$4919,'DETALLE CRONOLÓGICO'!$A$2:$A$4919,$A50) | G50: =INDEX('DETALLE CRONOLÓGICO'!$D$2:$D$4919,MATCH($A50,'DETALLE CRONOLÓGICO'!$A$2:$A$4919,0)) | H50: =INDEX('DETALLE CRONOLÓGICO'!$D$2:$D$4919,MATCH($A50,'DETALLE CRONOLÓGICO'!$A$2:$A$4919,0)+$E50-1) | I50: =IFERROR(SUMIFS('DETALLE CRONOLÓGICO'!$L$2:$L$4919,'DETALLE CRONOLÓGICO'!$A$2:$A$4919,$A50)/$F50,"") | J50: =IFERROR(SUMIFS('DETALLE CRONOLÓGICO'!$K$2:$K$4919,'DETALLE CRONOLÓGICO'!$A$2:$A$4919,$A50)/$E50,"") | K50: =_xlfn.MINIFS('DETALLE CRONOLÓGICO'!$K$2:$K$4919,'DETALLE CRONOLÓGICO'!$A$2:$A$4919,$A50) | L50: =_xlfn.MAXIFS('DETALLE CRONOLÓGICO'!$K$2:$K$4919,'DETALLE CRONOLÓGICO'!$A$2:$A$4919,$A50) | M50: =INDEX('DETALLE CRONOLÓGICO'!$K$2:$K$4919,MATCH($A50,'DETALLE CRONOLÓGICO'!$A$2:$A$4919,0)+$E50-1) | N50: =IFERROR($M50/INDEX('DETALLE CRONOLÓGICO'!$K$2:$K$4919,MATCH($A50,'DETALLE CRONOLÓGICO'!$A$2:$A$4919,0))-1,"") | O50: =IFERROR($I50*3,"") | P50: =IFERROR($I50*3.5,"") | Q50: =IFERROR($I50*4,"") | R50: 988 | S50: 2 | T50: active | V50: SIN PRECIO
A51: 12314363576653 | B51: BRAZALETE F LOGOS GOLD | C51: Default Title | D51: HAIFENG | E51: =COUNTIF('DETALLE CRONOLÓGICO'!$A$2:$A$4919,$A51) | F51: =SUMIFS('DETALLE CRONOLÓGICO'!$I$2:$I$4919,'DETALLE CRONOLÓGICO'!$A$2:$A$4919,$A51) | G51: =INDEX('DETALLE CRONOLÓGICO'!$D$2:$D$4919,MATCH($A51,'DETALLE CRONOLÓGICO'!$A$2:$A$4919,0)) | H51: =INDEX('DETALLE CRONOLÓGICO'!$D$2:$D$4919,MATCH($A51,'DETALLE CRONOLÓGICO'!$A$2:$A$4919,0)+$E51-1) | I51: =IFERROR(SUMIFS('DETALLE CRONOLÓGICO'!$L$2:$L$4919,'DETALLE CRONOLÓGICO'!$A$2:$A$4919,$A51)/$F51,"") | J51: =IFERROR(SUMIFS('DETALLE CRONOLÓGICO'!$K$2:$K$4919,'DETALLE CRONOLÓGICO'!$A$2:$A$4919,$A51)/$E51,"") | K51: =_xlfn.MINIFS('DETALLE CRONOLÓGICO'!$K$2:$K$4919,'DETALLE CRONOLÓGICO'!$A$2:$A$4919,$A51) | L51: =_xlfn.MAXIFS('DETALLE CRONOLÓGICO'!$K$2:$K$4919,'DETALLE CRONOLÓGICO'!$A$2:$A$4919,$A51) | M51: =INDEX('DETALLE CRONOLÓGICO'!$K$2:$K$4919,MATCH($A51,'DETALLE CRONOLÓGICO'!$A$2:$A$4919,0)+$E51-1) | N51: =IFERROR($M51/INDEX('DETALLE CRONOLÓGICO'!$K$2:$K$4919,MATCH($A51,'DETALLE CRONOLÓGICO'!$A$2:$A$4919,0))-1,"") | O51: =IFERROR($I51*3,"") | P51: =IFERROR($I51*3.5,"") | Q51: =IFERROR($I51*4,"") | R51: 840 | S51: 3 | T51: active | V51: SIN PRECIO
A52: 12314363611117 | B52: PULSERA MM SILVER-WHITE | C52: Default Title | D52: HAIFENG | E52: =COUNTIF('DETALLE CRONOLÓGICO'!$A$2:$A$4919,$A52) | F52: =SUMIFS('DETALLE CRONOLÓGICO'!$I$2:$I$4919,'DETALLE CRONOLÓGICO'!$A$2:$A$4919,$A52) | G52: =INDEX('DETALLE CRONOLÓGICO'!$D$2:$D$4919,MATCH($A52,'DETALLE CRONOLÓGICO'!$A$2:$A$4919,0)) | H52: =INDEX('DETALLE CRONOLÓGICO'!$D$2:$D$4919,MATCH($A52,'DETALLE CRONOLÓGICO'!$A$2:$A$4919,0)+$E52-1) | I52: =IFERROR(SUMIFS('DETALLE CRONOLÓGICO'!$L$2:$L$4919,'DETALLE CRONOLÓGICO'!$A$2:$A$4919,$A52)/$F52,"") | J52: =IFERROR(SUMIFS('DETALLE CRONOLÓGICO'!$K$2:$K$4919,'DETALLE CRONOLÓGICO'!$A$2:$A$4919,$A52)/$E52,"") | K52: =_xlfn.MINIFS('DETALLE CRONOLÓGICO'!$K$2:$K$4919,'DETALLE CRONOLÓGICO'!$A$2:$A$4919,$A52) | L52: =_xlfn.MAXIFS('DETALLE CRONOLÓGICO'!$K$2:$K$4919,'DETALLE CRONOLÓGICO'!$A$2:$A$4919,$A52) | M52: =INDEX('DETALLE CRONOLÓGICO'!$K$2:$K$4919,MATCH($A52,'DETALLE CRONOLÓGICO'!$A$2:$A$4919,0)+$E52-1) | N52: =IFERROR($M52/INDEX('DETALLE CRONOLÓGICO'!$K$2:$K$4919,MATCH($A52,'DETALLE CRONOLÓGICO'!$A$2:$A$4919,0))-1,"") | O52: =IFERROR($I52*3,"") | P52: =IFERROR($I52*3.5,"") | Q52: =IFERROR($I52*4,"") | R52: 599 | S52: 3 | T52: active | V52: SIN PRECIO
A53: 12314363883437 | B53: PULSERA MM GOLD-WHITE | C53: Default Title | D53: HAIFENG | E53: =COUNTIF('DETALLE CRONOLÓGICO'!$A$2:$A$4919,$A53) | F53: =SUMIFS('DETALLE CRONOLÓGICO'!$I$2:$I$4919,'DETALLE CRONOLÓGICO'!$A$2:$A$4919,$A53) | G53: =INDEX('DETALLE CRONOLÓGICO'!$D$2:$D$4919,MATCH($A53,'DETALLE CRONOLÓGICO'!$A$2:$A$4919,0)) | H53: =INDEX('DETALLE CRONOLÓGICO'!$D$2:$D$4919,MATCH($A53,'DETALLE CRONOLÓGICO'!$A$2:$A$4919,0)+$E53-1) | I53: =IFERROR(SUMIFS('DETALLE CRONOLÓGICO'!$L$2:$L$4919,'DETALLE CRONOLÓGICO'!$A$2:$A$4919,$A53)/$F53,"") | J53: =IFERROR(SUMIFS('DETALLE CRONOLÓGICO'!$K$2:$K$4919,'DETALLE CRONOLÓGICO'!$A$2:$A$4919,$A53)/$E53,"") | K53: =_xlfn.MINIFS('DETALLE CRONOLÓGICO'!$K$2:$K$4919,'DETALLE CRONOLÓGICO'!$A$2:$A$4919,$A53) | L53: =_xlfn.MAXIFS('DETALLE CRONOLÓGICO'!$K$2:$K$4919,'DETALLE CRONOLÓGICO'!$A$2:$A$4919,$A53) | M53: =INDEX('DETALLE CRONOLÓGICO'!$K$2:$K$4919,MATCH($A53,'DETALLE CRONOLÓGICO'!$A$2:$A$4919,0)+$E53-1) | N53: =IFERROR($M53/INDEX('DETALLE CRONOLÓGICO'!$K$2:$K$4919,MATCH($A53,'DETALLE CRONOLÓGICO'!$A$2:$A$4919,0))-1,"") | O53: =IFERROR($I53*3,"") | P53: =IFERROR($I53*3.5,"") | Q53: =IFERROR($I53*4,"") | T53: YA NO EXISTE EN SHOPIFY | V53: SIN PRECIO
A54: 12314363985133 | B54: ARRACADAS MM GOLD-BLACK | C54: Default Title | D54: HAIFENG | E54: =COUNTIF('DETALLE CRONOLÓGICO'!$A$2:$A$4919,$A54) | F54: =SUMIFS('DETALLE CRONOLÓGICO'!$I$2:$I$4919,'DETALLE CRONOLÓGICO'!$A$2:$A$4919,$A54) | G54: =INDEX('DETALLE CRONOLÓGICO'!$D$2:$D$4919,MATCH($A54,'DETALLE CRONOLÓGICO'!$A$2:$A$4919,0)) | H54: =INDEX('DETALLE CRONOLÓGICO'!$D$2:$D$4919,MATCH($A54,'DETALLE CRONOLÓGICO'!$A$2:$A$4919,0)+$E54-1) | I54: =IFERROR(SUMIFS('DETALLE CRONOLÓGICO'!$L$2:$L$4919,'DETALLE CRONOLÓGICO'!$A$2:$A$4919,$A54)/$F54,"") | J54: =IFERROR(SUMIFS('DETALLE CRONOLÓGICO'!$K$2:$K$4919,'DETALLE CRONOLÓGICO'!$A$2:$A$4919,$A54)/$E54,"") | K54: =_xlfn.MINIFS('DETALLE CRONOLÓGICO'!$K$2:$K$4919,'DETALLE CRONOLÓGICO'!$A$2:$A$4919,$A54) | L54: =_xlfn.MAXIFS('DETALLE CRONOLÓGICO'!$K$2:$K$4919,'DETALLE CRONOLÓGICO'!$A$2:$A$4919,$A54) | M54: =INDEX('DETALLE CRONOLÓGICO'!$K$2:$K$4919,MATCH($A54,'DETALLE CRONOLÓGICO'!$A$2:$A$4919,0)+$E54-1) | N54: =IFERROR($M54/INDEX('DETALLE CRONOLÓGICO'!$K$2:$K$4919,MATCH($A54,'DETALLE CRONOLÓGICO'!$A$2:$A$4919,0))-1,"") | O54: =IFERROR($I54*3,"") | P54: =IFERROR($I54*3.5,"") | Q54: =IFERROR($I54*4,"") | R54: 680 | S54: 4 | T54: active | V54: SIN PRECIO
A55: 12314364086829 | B55: ARRACADAS MM GOLD-WHITE | C55: Default Title | D55: HAIFENG | E55: =COUNTIF('DETALLE CRONOLÓGICO'!$A$2:$A$4919,$A55) | F55: =SUMIFS('DETALLE CRONOLÓGICO'!$I$2:$I$4919,'DETALLE CRONOLÓGICO'!$A$2:$A$4919,$A55) | G55: =INDEX('DETALLE CRONOLÓGICO'!$D$2:$D$4919,MATCH($A55,'DETALLE CRONOLÓGICO'!$A$2:$A$4919,0)) | H55: =INDEX('DETALLE CRONOLÓGICO'!$D$2:$D$4919,MATCH($A55,'DETALLE CRONOLÓGICO'!$A$2:$A$4919,0)+$E55-1) | I55: =IFERROR(SUMIFS('DETALLE CRONOLÓGICO'!$L$2:$L$4919,'DETALLE CRONOLÓGICO'!$A$2:$A$4919,$A55)/$F55,"") | J55: =IFERROR(SUMIFS('DETALLE CRONOLÓGICO'!$K$2:$K$4919,'DETALLE CRONOLÓGICO'!$A$2:$A$4919,$A55)/$E55,"") | K55: =_xlfn.MINIFS('DETALLE CRONOLÓGICO'!$K$2:$K$4919,'DETALLE CRONOLÓGICO'!$A$2:$A$4919,$A55) | L55: =_xlfn.MAXIFS('DETALLE CRONOLÓGICO'!$K$2:$K$4919,'DETALLE CRONOLÓGICO'!$A$2:$A$4919,$A55) | M55: =INDEX('DETALLE CRONOLÓGICO'!$K$2:$K$4919,MATCH($A55,'DETALLE CRONOLÓGICO'!$A$2:$A$4919,0)+$E55-1) | N55: =IFERROR($M55/INDEX('DETALLE CRONOLÓGICO'!$K$2:$K$4919,MATCH($A55,'DETALLE CRONOLÓGICO'!$A$2:$A$4919,0))-1,"") | O55: =IFERROR($I55*3,"") | P55: =IFERROR($I55*3.5,"") | Q55: =IFERROR($I55*4,"") | R55: 680 | S55: 5 | T55: active | V55: SIN PRECIO
A56: 12731906776716 | B56: COLLAR CORAZÓN SILVER | C56: 44 cm / dije 2.5cm | D56: ZOEY | E56: =COUNTIF('DETALLE CRONOLÓGICO'!$A$2:$A$4919,$A56) | F56: =SUMIFS('DETALLE CRONOLÓGICO'!$I$2:$I$4919,'DETALLE CRONOLÓGICO'!$A$2:$A$4919,$A56) | G56: =INDEX('DETALLE CRONOLÓGICO'!$D$2:$D$4919,MATCH($A56,'DETALLE CRONOLÓGICO'!$A$2:$A$4919,0)) | H56: =INDEX('DETALLE CRONOLÓGICO'!$D$2:$D$4919,MATCH($A56,'DETALLE CRONOLÓGICO'!$A$2:$A$4919,0)+$E56-1) | I56: =IFERROR(SUMIFS('DETALLE CRONOLÓGICO'!$L$2:$L$4919,'DETALLE CRONOLÓGICO'!$A$2:$A$4919,$A56)/$F56,"") | J56: =IFERROR(SUMIFS('DETALLE CRONOLÓGICO'!$K$2:$K$4919,'DETALLE CRONOLÓGICO'!$A$2:$A$4919,$A56)/$E56,"") | K56: =_xlfn.MINIFS('DETALLE CRONOLÓGICO'!$K$2:$K$4919,'DETALLE CRONOLÓGICO'!$A$2:$A$4919,$A56) | L56: =_xlfn.MAXIFS('DETALLE CRONOLÓGICO'!$K$2:$K$4919,'DETALLE CRONOLÓGICO'!$A$2:$A$4919,$A56) | M56: =INDEX('DETALLE CRONOLÓGICO'!$K$2:$K$4919,MATCH($A56,'DETALLE CRONOLÓGICO'!$A$2:$A$4919,0)+$E56-1) | N56: =IFERROR($M56/INDEX('DETALLE CRONOLÓGICO'!$K$2:$K$4919,MATCH($A56,'DETALLE CRONOLÓGICO'!$A$2:$A$4919,0))-1,"") | O56: =IFERROR($I56*3,"") | P56: =IFERROR($I56*3.5,"") | Q56: =IFERROR($I56*4,"") | R56: 950 | S56: 1 | T56: active | V56: SIN PRECIO
A57: 13667531088813 | B57: ANILLO BV BUMPS GOLD-BLACK | C57: 8 | D57: HAIFENG | E57: =COUNTIF('DETALLE CRONOLÓGICO'!$A$2:$A$4919,$A57) | F57: =SUMIFS('DETALLE CRONOLÓGICO'!$I$2:$I$4919,'DETALLE CRONOLÓGICO'!$A$2:$A$4919,$A57) | G57: =INDEX('DETALLE CRONOLÓGICO'!$D$2:$D$4919,MATCH($A57,'DETALLE CRONOLÓGICO'!$A$2:$A$4919,0)) | H57: =INDEX('DETALLE CRONOLÓGICO'!$D$2:$D$4919,MATCH($A57,'DETALLE CRONOLÓGICO'!$A$2:$A$4919,0)+$E57-1) | I57: =IFERROR(SUMIFS('DETALLE CRONOLÓGICO'!$L$2:$L$4919,'DETALLE CRONOLÓGICO'!$A$2:$A$4919,$A57)/$F57,"") | J57: =IFERROR(SUMIFS('DETALLE CRONOLÓGICO'!$K$2:$K$4919,'DETALLE CRONOLÓGICO'!$A$2:$A$4919,$A57)/$E57,"") | K57: =_xlfn.MINIFS('DETALLE CRONOLÓGICO'!$K$2:$K$4919,'DETALLE CRONOLÓGICO'!$A$2:$A$4919,$A57) | L57: =_xlfn.MAXIFS('DETALLE CRONOLÓGICO'!$K$2:$K$4919,'DETALLE CRONOLÓGICO'!$A$2:$A$4919,$A57) | M57: =INDEX('DETALLE CRONOLÓGICO'!$K$2:$K$4919,MATCH($A57,'DETALLE CRONOLÓGICO'!$A$2:$A$4919,0)+$E57-1) | N57: =IFERROR($M57/INDEX('DETALLE CRONOLÓGICO'!$K$2:$K$4919,MATCH($A57,'DETALLE CRONOLÓGICO'!$A$2:$A$4919,0))-1,"") | O57: =IFERROR($I57*3,"") | P57: =IFERROR($I57*3.5,"") | Q57: =IFERROR($I57*4,"") | R57: 750 | S57: 2 | T57: active | V57: SIN PRECIO
A58: 13794531858861 | B58: CARTERA PR SAFFIANO DARKBLUE | C58: BLUE | D58: ZOEY | E58: =COUNTIF('DETALLE CRONOLÓGICO'!$A$2:$A$4919,$A58) | F58: =SUMIFS('DETALLE CRONOLÓGICO'!$I$2:$I$4919,'DETALLE CRONOLÓGICO'!$A$2:$A$4919,$A58) | G58: =INDEX('DETALLE CRONOLÓGICO'!$D$2:$D$4919,MATCH($A58,'DETALLE CRONOLÓGICO'!$A$2:$A$4919,0)) | H58: =INDEX('DETALLE CRONOLÓGICO'!$D$2:$D$4919,MATCH($A58,'DETALLE CRONOLÓGICO'!$A$2:$A$4919,0)+$E58-1) | I58: =IFERROR(SUMIFS('DETALLE CRONOLÓGICO'!$L$2:$L$4919,'DETALLE CRONOLÓGICO'!$A$2:$A$4919,$A58)/$F58,"") | J58: =IFERROR(SUMIFS('DETALLE CRONOLÓGICO'!$K$2:$K$4919,'DETALLE CRONOLÓGICO'!$A$2:$A$4919,$A58)/$E58,"") | K58: =_xlfn.MINIFS('DETALLE CRONOLÓGICO'!$K$2:$K$4919,'DETALLE CRONOLÓGICO'!$A$2:$A$4919,$A58) | L58: =_xlfn.MAXIFS('DETALLE CRONOLÓGICO'!$K$2:$K$4919,'DETALLE CRONOLÓGICO'!$A$2:$A$4919,$A58) | M58: =INDEX('DETALLE CRONOLÓGICO'!$K$2:$K$4919,MATCH($A58,'DETALLE CRONOLÓGICO'!$A$2:$A$4919,0)+$E58-1) | N58: =IFERROR($M58/INDEX('DETALLE CRONOLÓGICO'!$K$2:$K$4919,MATCH($A58,'DETALLE CRONOLÓGICO'!$A$2:$A$4919,0))-1,"") | O58: =IFERROR($I58*3,"") | P58: =IFERROR($I58*3.5,"") | Q58: =IFERROR($I58*4,"") | R58: 1999 | S58: 2 | T58: active | V58: SIN PRECIO
A59: 13794532310349 | B59: CARTERA MM NAPA PINK | C59: Default Title | D59: ZOEY | E59: =COUNTIF('DETALLE CRONOLÓGICO'!$A$2:$A$4919,$A59) | F59: =SUMIFS('DETALLE CRONOLÓGICO'!$I$2:$I$4919,'DETALLE CRONOLÓGICO'!$A$2:$A$4919,$A59) | G59: =INDEX('DETALLE CRONOLÓGICO'!$D$2:$D$4919,MATCH($A59,'DETALLE CRONOLÓGICO'!$A$2:$A$4919,0)) | H59: =INDEX('DETALLE CRONOLÓGICO'!$D$2:$D$4919,MATCH($A59,'DETALLE CRONOLÓGICO'!$A$2:$A$4919,0)+$E59-1) | I59: =IFERROR(SUMIFS('DETALLE CRONOLÓGICO'!$L$2:$L$4919,'DETALLE CRONOLÓGICO'!$A$2:$A$4919,$A59)/$F59,"") | J59: =IFERROR(SUMIFS('DETALLE CRONOLÓGICO'!$K$2:$K$4919,'DETALLE CRONOLÓGICO'!$A$2:$A$4919,$A59)/$E59,"") | K59: =_xlfn.MINIFS('DETALLE CRONOLÓGICO'!$K$2:$K$4919,'DETALLE CRONOLÓGICO'!$A$2:$A$4919,$A59) | L59: =_xlfn.MAXIFS('DETALLE CRONOLÓGICO'!$K$2:$K$4919,'DETALLE CRONOLÓGICO'!$A$2:$A$4919,$A59) | M59: =INDEX('DETALLE CRONOLÓGICO'!$K$2:$K$4919,MATCH($A59,'DETALLE CRONOLÓGICO'!$A$2:$A$4919,0)+$E59-1) | N59: =IFERROR($M59/INDEX('DETALLE CRONOLÓGICO'!$K$2:$K$4919,MATCH($A59,'DETALLE CRONOLÓGICO'!$A$2:$A$4919,0))-1,"") | O59: =IFERROR($I59*3,"") | P59: =IFERROR($I59*3.5,"") | Q59: =IFERROR($I59*4,"") | R59: 2440 | S59: 0 | T59: active | V59: SIN PRECIO
A60: 13798161017037 | B60: CADENA H GOLD | C60: Default Title | D60: HAIFENG | E60: =COUNTIF('DETALLE CRONOLÓGICO'!$A$2:$A$4919,$A60) | F60: =SUMIFS('DETALLE CRONOLÓGICO'!$I$2:$I$4919,'DETALLE CRONOLÓGICO'!$A$2:$A$4919,$A60) | G60: =INDEX('DETALLE CRONOLÓGICO'!$D$2:$D$4919,MATCH($A60,'DETALLE CRONOLÓGICO'!$A$2:$A$4919,0)) | H60: =INDEX('DETALLE CRONOLÓGICO'!$D$2:$D$4919,MATCH($A60,'DETALLE CRONOLÓGICO'!$A$2:$A$4919,0)+$E60-1) | I60: =IFERROR(SUMIFS('DETALLE CRONOLÓGICO'!$L$2:$L$4919,'DETALLE CRONOLÓGICO'!$A$2:$A$4919,$A60)/$F60,"") | J60: =IFERROR(SUMIFS('DETALLE CRONOLÓGICO'!$K$2:$K$4919,'DETALLE CRONOLÓGICO'!$A$2:$A$4919,$A60)/$E60,"") | K60: =_xlfn.MINIFS('DETALLE CRONOLÓGICO'!$K$2:$K$4919,'DETALLE CRONOLÓGICO'!$A$2:$A$4919,$A60) | L60: =_xlfn.MAXIFS('DETALLE CRONOLÓGICO'!$K$2:$K$4919,'DETALLE CRONOLÓGICO'!$A$2:$A$4919,$A60) | M60: =INDEX('DETALLE CRONOLÓGICO'!$K$2:$K$4919,MATCH($A60,'DETALLE CRONOLÓGICO'!$A$2:$A$4919,0)+$E60-1) | N60: =IFERROR($M60/INDEX('DETALLE CRONOLÓGICO'!$K$2:$K$4919,MATCH($A60,'DETALLE CRONOLÓGICO'!$A$2:$A$4919,0))-1,"") | O60: =IFERROR($I60*3,"") | P60: =IFERROR($I60*3.5,"") | Q60: =IFERROR($I60*4,"") | R60: 1099 | S60: 0 | T60: active | V60: SIN PRECIO
A61: 13863311065325 | B61: BOLSO CD MESSENGER SADDLE BLACK | C61: Default Title | D61: CYNTHIA | E61: =COUNTIF('DETALLE CRONOLÓGICO'!$A$2:$A$4919,$A61) | F61: =SUMIFS('DETALLE CRONOLÓGICO'!$I$2:$I$4919,'DETALLE CRONOLÓGICO'!$A$2:$A$4919,$A61) | G61: =INDEX('DETALLE CRONOLÓGICO'!$D$2:$D$4919,MATCH($A61,'DETALLE CRONOLÓGICO'!$A$2:$A$4919,0)) | H61: =INDEX('DETALLE CRONOLÓGICO'!$D$2:$D$4919,MATCH($A61,'DETALLE CRONOLÓGICO'!$A$2:$A$4919,0)+$E61-1) | I61: =IFERROR(SUMIFS('DETALLE CRONOLÓGICO'!$L$2:$L$4919,'DETALLE CRONOLÓGICO'!$A$2:$A$4919,$A61)/$F61,"") | J61: =IFERROR(SUMIFS('DETALLE CRONOLÓGICO'!$K$2:$K$4919,'DETALLE CRONOLÓGICO'!$A$2:$A$4919,$A61)/$E61,"") | K61: =_xlfn.MINIFS('DETALLE CRONOLÓGICO'!$K$2:$K$4919,'DETALLE CRONOLÓGICO'!$A$2:$A$4919,$A61) | L61: =_xlfn.MAXIFS('DETALLE CRONOLÓGICO'!$K$2:$K$4919,'DETALLE CRONOLÓGICO'!$A$2:$A$4919,$A61) | M61: =INDEX('DETALLE CRONOLÓGICO'!$K$2:$K$4919,MATCH($A61,'DETALLE CRONOLÓGICO'!$A$2:$A$4919,0)+$E61-1) | N61: =IFERROR($M61/INDEX('DETALLE CRONOLÓGICO'!$K$2:$K$4919,MATCH($A61,'DETALLE CRONOLÓGICO'!$A$2:$A$4919,0))-1,"") | O61: =IFERROR($I61*3,"") | P61: =IFERROR($I61*3.5,"") | Q61: =IFERROR($I61*4,"") | R61: 4700 | S61: 3 | T61: active | V61: SIN PRECIO
A62: 14156151055725 | B62: RELOJ PANTHERE SILVER | C62: RELOJ SIN CAJA | D62: ZOEY | E62: =COUNTIF('DETALLE CRONOLÓGICO'!$A$2:$A$4919,$A62) | F62: =SUMIFS('DETALLE CRONOLÓGICO'!$I$2:$I$4919,'DETALLE CRONOLÓGICO'!$A$2:$A$4919,$A62) | G62: =INDEX('DETALLE CRONOLÓGICO'!$D$2:$D$4919,MATCH($A62,'DETALLE CRONOLÓGICO'!$A$2:$A$4919,0)) | H62: =INDEX('DETALLE CRONOLÓGICO'!$D$2:$D$4919,MATCH($A62,'DETALLE CRONOLÓGICO'!$A$2:$A$4919,0)+$E62-1) | I62: =IFERROR(SUMIFS('DETALLE CRONOLÓGICO'!$L$2:$L$4919,'DETALLE CRONOLÓGICO'!$A$2:$A$4919,$A62)/$F62,"") | J62: =IFERROR(SUMIFS('DETALLE CRONOLÓGICO'!$K$2:$K$4919,'DETALLE CRONOLÓGICO'!$A$2:$A$4919,$A62)/$E62,"") | K62: =_xlfn.MINIFS('DETALLE CRONOLÓGICO'!$K$2:$K$4919,'DETALLE CRONOLÓGICO'!$A$2:$A$4919,$A62) | L62: =_xlfn.MAXIFS('DETALLE CRONOLÓGICO'!$K$2:$K$4919,'DETALLE CRONOLÓGICO'!$A$2:$A$4919,$A62) | M62: =INDEX('DETALLE CRONOLÓGICO'!$K$2:$K$4919,MATCH($A62,'DETALLE CRONOLÓGICO'!$A$2:$A$4919,0)+$E62-1) | N62: =IFERROR($M62/INDEX('DETALLE CRONOLÓGICO'!$K$2:$K$4919,MATCH($A62,'DETALLE CRONOLÓGICO'!$A$2:$A$4919,0))-1,"") | O62: =IFERROR($I62*3,"") | P62: =IFERROR($I62*3.5,"") | Q62: =IFERROR($I62*4,"") | R62: 4829 | S62: 2 | T62: active | V62: SIN PRECIO
A63: 14247351086093 | B63: ARETES F O'LOCK SILVER | C63: Default Title | D63: HAIFENG | E63: =COUNTIF('DETALLE CRONOLÓGICO'!$A$2:$A$4919,$A63) | F63: =SUMIFS('DETALLE CRONOLÓGICO'!$I$2:$I$4919,'DETALLE CRONOLÓGICO'!$A$2:$A$4919,$A63) | G63: =INDEX('DETALLE CRONOLÓGICO'!$D$2:$D$4919,MATCH($A63,'DETALLE CRONOLÓGICO'!$A$2:$A$4919,0)) | H63: =INDEX('DETALLE CRONOLÓGICO'!$D$2:$D$4919,MATCH($A63,'DETALLE CRONOLÓGICO'!$A$2:$A$4919,0)+$E63-1) | I63: =IFERROR(SUMIFS('DETALLE CRONOLÓGICO'!$L$2:$L$4919,'DETALLE CRONOLÓGICO'!$A$2:$A$4919,$A63)/$F63,"") | J63: =IFERROR(SUMIFS('DETALLE CRONOLÓGICO'!$K$2:$K$4919,'DETALLE CRONOLÓGICO'!$A$2:$A$4919,$A63)/$E63,"") | K63: =_xlfn.MINIFS('DETALLE CRONOLÓGICO'!$K$2:$K$4919,'DETALLE CRONOLÓGICO'!$A$2:$A$4919,$A63) | L63: =_xlfn.MAXIFS('DETALLE CRONOLÓGICO'!$K$2:$K$4919,'DETALLE CRONOLÓGICO'!$A$2:$A$4919,$A63) | M63: =INDEX('DETALLE CRONOLÓGICO'!$K$2:$K$4919,MATCH($A63,'DETALLE CRONOLÓGICO'!$A$2:$A$4919,0)+$E63-1) | N63: =IFERROR($M63/INDEX('DETALLE CRONOLÓGICO'!$K$2:$K$4919,MATCH($A63,'DETALLE CRONOLÓGICO'!$A$2:$A$4919,0))-1,"") | O63: =IFERROR($I63*3,"") | P63: =IFERROR($I63*3.5,"") | Q63: =IFERROR($I63*4,"") | R63: 670 | S63: 3 | T63: active | V63: SIN PRECIO
A64: 14361211269805 | B64: BRAZALETE BV SILVER WHITE | C64: 17 | D64: HAIFENG | E64: =COUNTIF('DETALLE CRONOLÓGICO'!$A$2:$A$4919,$A64) | F64: =SUMIFS('DETALLE CRONOLÓGICO'!$I$2:$I$4919,'DETALLE CRONOLÓGICO'!$A$2:$A$4919,$A64) | G64: =INDEX('DETALLE CRONOLÓGICO'!$D$2:$D$4919,MATCH($A64,'DETALLE CRONOLÓGICO'!$A$2:$A$4919,0)) | H64: =INDEX('DETALLE CRONOLÓGICO'!$D$2:$D$4919,MATCH($A64,'DETALLE CRONOLÓGICO'!$A$2:$A$4919,0)+$E64-1) | I64: =IFERROR(SUMIFS('DETALLE CRONOLÓGICO'!$L$2:$L$4919,'DETALLE CRONOLÓGICO'!$A$2:$A$4919,$A64)/$F64,"") | J64: =IFERROR(SUMIFS('DETALLE CRONOLÓGICO'!$K$2:$K$4919,'DETALLE CRONOLÓGICO'!$A$2:$A$4919,$A64)/$E64,"") | K64: =_xlfn.MINIFS('DETALLE CRONOLÓGICO'!$K$2:$K$4919,'DETALLE CRONOLÓGICO'!$A$2:$A$4919,$A64) | L64: =_xlfn.MAXIFS('DETALLE CRONOLÓGICO'!$K$2:$K$4919,'DETALLE CRONOLÓGICO'!$A$2:$A$4919,$A64) | M64: =INDEX('DETALLE CRONOLÓGICO'!$K$2:$K$4919,MATCH($A64,'DETALLE CRONOLÓGICO'!$A$2:$A$4919,0)+$E64-1) | N64: =IFERROR($M64/INDEX('DETALLE CRONOLÓGICO'!$K$2:$K$4919,MATCH($A64,'DETALLE CRONOLÓGICO'!$A$2:$A$4919,0))-1,"") | O64: =IFERROR($I64*3,"") | P64: =IFERROR($I64*3.5,"") | Q64: =IFERROR($I64*4,"") | R64: 850 | S64: 3 | T64: active | V64: SIN PRECIO
A65: 14361211408813 | B65: BRAZALETE BV ROSEGOLD WHITE | C65: 17 | D65: HAIFENG | E65: =COUNTIF('DETALLE CRONOLÓGICO'!$A$2:$A$4919,$A65) | F65: =SUMIFS('DETALLE CRONOLÓGICO'!$I$2:$I$4919,'DETALLE CRONOLÓGICO'!$A$2:$A$4919,$A65) | G65: =INDEX('DETALLE CRONOLÓGICO'!$D$2:$D$4919,MATCH($A65,'DETALLE CRONOLÓGICO'!$A$2:$A$4919,0)) | H65: =INDEX('DETALLE CRONOLÓGICO'!$D$2:$D$4919,MATCH($A65,'DETALLE CRONOLÓGICO'!$A$2:$A$4919,0)+$E65-1) | I65: =IFERROR(SUMIFS('DETALLE CRONOLÓGICO'!$L$2:$L$4919,'DETALLE CRONOLÓGICO'!$A$2:$A$4919,$A65)/$F65,"") | J65: =IFERROR(SUMIFS('DETALLE CRONOLÓGICO'!$K$2:$K$4919,'DETALLE CRONOLÓGICO'!$A$2:$A$4919,$A65)/$E65,"") | K65: =_xlfn.MINIFS('DETALLE CRONOLÓGICO'!$K$2:$K$4919,'DETALLE CRONOLÓGICO'!$A$2:$A$4919,$A65) | L65: =_xlfn.MAXIFS('DETALLE CRONOLÓGICO'!$K$2:$K$4919,'DETALLE CRONOLÓGICO'!$A$2:$A$4919,$A65) | M65: =INDEX('DETALLE CRONOLÓGICO'!$K$2:$K$4919,MATCH($A65,'DETALLE CRONOLÓGICO'!$A$2:$A$4919,0)+$E65-1) | N65: =IFERROR($M65/INDEX('DETALLE CRONOLÓGICO'!$K$2:$K$4919,MATCH($A65,'DETALLE CRONOLÓGICO'!$A$2:$A$4919,0))-1,"") | O65: =IFERROR($I65*3,"") | P65: =IFERROR($I65*3.5,"") | Q65: =IFERROR($I65*4,"") | R65: 850 | S65: 3 | T65: active | V65: SIN PRECIO
... A154: 15711171624141 | B154: ANILLO DOBLE T SILVER | C154: 6 | D154: HAIFENG | E154: =COUNTIF('DETALLE CRONOLÓGICO'!$A$2:$A$4919,$A154) | F154: =SUMIFS('DETALLE CRONOLÓGICO'!$I$2:$I$4919,'DETALLE CRONOLÓGICO'!$A$2:$A$4919,$A154) | G154: =INDEX('DETALLE CRONOLÓGICO'!$D$2:$D$4919,MATCH($A154,'DETALLE CRONOLÓGICO'!$A$2:$A$4919,0)) | H154: =INDEX('DETALLE CRONOLÓGICO'!$D$2:$D$4919,MATCH($A154,'DETALLE CRONOLÓGICO'!$A$2:$A$4919,0)+$E154-1) | I154: =IFERROR(SUMIFS('DETALLE CRONOLÓGICO'!$L$2:$L$4919,'DETALLE CRONOLÓGICO'!$A$2:$A$4919,$A154)/$F154,"") | J154: =IFERROR(SUMIFS('DETALLE CRONOLÓGICO'!$K$2:$K$4919,'DETALLE CRONOLÓGICO'!$A$2:$A$4919,$A154)/$E154,"") | K154: =_xlfn.MINIFS('DETALLE CRONOLÓGICO'!$K$2:$K$4919,'DETALLE CRONOLÓGICO'!$A$2:$A$4919,$A154) | L154: =_xlfn.MAXIFS('DETALLE CRONOLÓGICO'!$K$2:$K$4919,'DETALLE CRONOLÓGICO'!$A$2:$A$4919,$A154) | M154: =INDEX('DETALLE CRONOLÓGICO'!$K$2:$K$4919,MATCH($A154,'DETALLE CRONOLÓGICO'!$A$2:$A$4919,0)+$E154-1) | N154: =IFERROR($M154/INDEX('DETALLE CRONOLÓGICO'!$K$2:$K$4919,MATCH($A154,'DETALLE CRONOLÓGICO'!$A$2:$A$4919,0))-1,"") | O154: =IFERROR($I154*3,"") | P154: =IFERROR($I154*3.5,"") | Q154: =IFERROR($I154*4,"") | R154: 450 | S154: 1 | T154: active | V154: SIN PRECIO
A155: 15711171756909 | C155: 7 | D155: HAIFENG | E155: =COUNTIF('DETALLE CRONOLÓGICO'!$A$2:$A$4919,$A155) | F155: =SUMIFS('DETALLE CRONOLÓGICO'!$I$2:$I$4919,'DETALLE CRONOLÓGICO'!$A$2:$A$4919,$A155) | G155: =INDEX('DETALLE CRONOLÓGICO'!$D$2:$D$4919,MATCH($A155,'DETALLE CRONOLÓGICO'!$A$2:$A$4919,0)) | H155: =INDEX('DETALLE CRONOLÓGICO'!$D$2:$D$4919,MATCH($A155,'DETALLE CRONOLÓGICO'!$A$2:$A$4919,0)+$E155-1) | I155: =IFERROR(SUMIFS('DETALLE CRONOLÓGICO'!$L$2:$L$4919,'DETALLE CRONOLÓGICO'!$A$2:$A$4919,$A155)/$F155,"") | J155: =IFERROR(SUMIFS('DETALLE CRONOLÓGICO'!$K$2:$K$4919,'DETALLE CRONOLÓGICO'!$A$2:$A$4919,$A155)/$E155,"") | K155: =_xlfn.MINIFS('DETALLE CRONOLÓGICO'!$K$2:$K$4919,'DETALLE CRONOLÓGICO'!$A$2:$A$4919,$A155) | L155: =_xlfn.MAXIFS('DETALLE CRONOLÓGICO'!$K$2:$K$4919,'DETALLE CRONOLÓGICO'!$A$2:$A$4919,$A155) | M155: =INDEX('DETALLE CRONOLÓGICO'!$K$2:$K$4919,MATCH($A155,'DETALLE CRONOLÓGICO'!$A$2:$A$4919,0)+$E155-1) | N155: =IFERROR($M155/INDEX('DETALLE CRONOLÓGICO'!$K$2:$K$4919,MATCH($A155,'DETALLE CRONOLÓGICO'!$A$2:$A$4919,0))-1,"") | O155: =IFERROR($I155*3,"") | P155: =IFERROR($I155*3.5,"") | Q155: =IFERROR($I155*4,"") | R155: 292 | S155: 2 | T155: active | V155: SIN PRECIO
A156: 15711171889677 | B156: ANILLO DOBLE T SILVER | C156: 8 | D156: HAIFENG | E156: =COUNTIF('DETALLE CRONOLÓGICO'!$A$2:$A$4919,$A156) | F156: =SUMIFS('DETALLE CRONOLÓGICO'!$I$2:$I$4919,'DETALLE CRONOLÓGICO'!$A$2:$A$4919,$A156) | G156: =INDEX('DETALLE CRONOLÓGICO'!$D$2:$D$4919,MATCH($A156,'DETALLE CRONOLÓGICO'!$A$2:$A$4919,0)) | H156: =INDEX('DETALLE CRONOLÓGICO'!$D$2:$D$4919,MATCH($A156,'DETALLE CRONOLÓGICO'!$A$2:$A$4919,0)+$E156-1) | I156: =IFERROR(SUMIFS('DETALLE CRONOLÓGICO'!$L$2:$L$4919,'DETALLE CRONOLÓGICO'!$A$2:$A$4919,$A156)/$F156,"") | J156: =IFERROR(SUMIFS('DETALLE CRONOLÓGICO'!$K$2:$K$4919,'DETALLE CRONOLÓGICO'!$A$2:$A$4919,$A156)/$E156,"") | K156: =_xlfn.MINIFS('DETALLE CRONOLÓGICO'!$K$2:$K$4919,'DETALLE CRONOLÓGICO'!$A$2:$A$4919,$A156) | L156: =_xlfn.MAXIFS('DETALLE CRONOLÓGICO'!$K$2:$K$4919,'DETALLE CRONOLÓGICO'!$A$2:$A$4919,$A156) | M156: =INDEX('DETALLE CRONOLÓGICO'!$K$2:$K$4919,MATCH($A156,'DETALLE CRONOLÓGICO'!$A$2:$A$4919,0)+$E156-1) | N156: =IFERROR($M156/INDEX('DETALLE CRONOLÓGICO'!$K$2:$K$4919,MATCH($A156,'DETALLE CRONOLÓGICO'!$A$2:$A$4919,0))-1,"") | O156: =IFERROR($I156*3,"") | P156: =IFERROR($I156*3.5,"") | Q156: =IFERROR($I156*4,"") | R156: 450 | S156: 0 | T156: active | V156: SIN PRECIO
A157: 15711171972493 | B157: PULSERA PANTHERE DOBLE CADENA C | C157: Default Title | D157: HAIFENG | E157: =COUNTIF('DETALLE CRONOLÓGICO'!$A$2:$A$4919,$A157) | F157: =SUMIFS('DETALLE CRONOLÓGICO'!$I$2:$I$4919,'DETALLE CRONOLÓGICO'!$A$2:$A$4919,$A157) | G157: =INDEX('DETALLE CRONOLÓGICO'!$D$2:$D$4919,MATCH($A157,'DETALLE CRONOLÓGICO'!$A$2:$A$4919,0)) | H157: =INDEX('DETALLE CRONOLÓGICO'!$D$2:$D$4919,MATCH($A157,'DETALLE CRONOLÓGICO'!$A$2:$A$4919,0)+$E157-1) | I157: =IFERROR(SUMIFS('DETALLE CRONOLÓGICO'!$L$2:$L$4919,'DETALLE CRONOLÓGICO'!$A$2:$A$4919,$A157)/$F157,"") | J157: =IFERROR(SUMIFS('DETALLE CRONOLÓGICO'!$K$2:$K$4919,'DETALLE CRONOLÓGICO'!$A$2:$A$4919,$A157)/$E157,"") | K157: =_xlfn.MINIFS('DETALLE CRONOLÓGICO'!$K$2:$K$4919,'DETALLE CRONOLÓGICO'!$A$2:$A$4919,$A157) | L157: =_xlfn.MAXIFS('DETALLE CRONOLÓGICO'!$K$2:$K$4919,'DETALLE CRONOLÓGICO'!$A$2:$A$4919,$A157) | M157: =INDEX('DETALLE CRONOLÓGICO'!$K$2:$K$4919,MATCH($A157,'DETALLE CRONOLÓGICO'!$A$2:$A$4919,0)+$E157-1) | N157: =IFERROR($M157/INDEX('DETALLE CRONOLÓGICO'!$K$2:$K$4919,MATCH($A157,'DETALLE CRONOLÓGICO'!$A$2:$A$4919,0))-1,"") | O157: =IFERROR($I157*3,"") | P157: =IFERROR($I157*3.5,"") | Q157: =IFERROR($I157*4,"") | R157: 599 | S157: 2 | T157: active | V157: SIN PRECIO
A158: 15711172030349 | B158: ARETES BEAN GOLD T | C158: Default Title | D158: CYNTHIA | E158: =COUNTIF('DETALLE CRONOLÓGICO'!$A$2:$A$4919,$A158) | F158: =SUMIFS('DETALLE CRONOLÓGICO'!$I$2:$I$4919,'DETALLE CRONOLÓGICO'!$A$2:$A$4919,$A158) | G158: =INDEX('DETALLE CRONOLÓGICO'!$D$2:$D$4919,MATCH($A158,'DETALLE CRONOLÓGICO'!$A$2:$A$4919,0)) | H158: =INDEX('DETALLE CRONOLÓGICO'!$D$2:$D$4919,MATCH($A158,'DETALLE CRONOLÓGICO'!$A$2:$A$4919,0)+$E158-1) | I158: =IFERROR(SUMIFS('DETALLE CRONOLÓGICO'!$L$2:$L$4919,'DETALLE CRONOLÓGICO'!$A$2:$A$4919,$A158)/$F158,"") | J158: =IFERROR(SUMIFS('DETALLE CRONOLÓGICO'!$K$2:$K$4919,'DETALLE CRONOLÓGICO'!$A$2:$A$4919,$A158)/$E158,"") | K158: =_xlfn.MINIFS('DETALLE CRONOLÓGICO'!$K$2:$K$4919,'DETALLE CRONOLÓGICO'!$A$2:$A$4919,$A158) | L158: =_xlfn.MAXIFS('DETALLE CRONOLÓGICO'!$K$2:$K$4919,'DETALLE CRONOLÓGICO'!$A$2:$A$4919,$A158) | M158: =INDEX('DETALLE CRONOLÓGICO'!$K$2:$K$4919,MATCH($A158,'DETALLE CRONOLÓGICO'!$A$2:$A$4919,0)+$E158-1) | N158: =IFERROR($M158/INDEX('DETALLE CRONOLÓGICO'!$K$2:$K$4919,MATCH($A158,'DETALLE CRONOLÓGICO'!$A$2:$A$4919,0))-1,"") | O158: =IFERROR($I158*3,"") | P158: =IFERROR($I158*3.5,"") | Q158: =IFERROR($I158*4,"") | R158: 935 | S158: 10 | T158: active | V158: SIN PRECIO
A159: 15711172175405 | B159: ARETES DIORIVIERA GOLD CD | C159: Default Title | D159: CYNTHIA | E159: =COUNTIF('DETALLE CRONOLÓGICO'!$A$2:$A$4919,$A159) | F159: =SUMIFS('DETALLE CRONOLÓGICO'!$I$2:$I$4919,'DETALLE CRONOLÓGICO'!$A$2:$A$4919,$A159) | G159: =INDEX('DETALLE CRONOLÓGICO'!$D$2:$D$4919,MATCH($A159,'DETALLE CRONOLÓGICO'!$A$2:$A$4919,0)) | H159: =INDEX('DETALLE CRONOLÓGICO'!$D$2:$D$4919,MATCH($A159,'DETALLE CRONOLÓGICO'!$A$2:$A$4919,0)+$E159-1) | I159: =IFERROR(SUMIFS('DETALLE CRONOLÓGICO'!$L$2:$L$4919,'DETALLE CRONOLÓGICO'!$A$2:$A$4919,$A159)/$F159,"") | J159: =IFERROR(SUMIFS('DETALLE CRONOLÓGICO'!$K$2:$K$4919,'DETALLE CRONOLÓGICO'!$A$2:$A$4919,$A159)/$E159,"") | K159: =_xlfn.MINIFS('DETALLE CRONOLÓGICO'!$K$2:$K$4919,'DETALLE CRONOLÓGICO'!$A$2:$A$4919,$A159) | L159: =_xlfn.MAXIFS('DETALLE CRONOLÓGICO'!$K$2:$K$4919,'DETALLE CRONOLÓGICO'!$A$2:$A$4919,$A159) | M159: =INDEX('DETALLE CRONOLÓGICO'!$K$2:$K$4919,MATCH($A159,'DETALLE CRONOLÓGICO'!$A$2:$A$4919,0)+$E159-1) | N159: =IFERROR($M159/INDEX('DETALLE CRONOLÓGICO'!$K$2:$K$4919,MATCH($A159,'DETALLE CRONOLÓGICO'!$A$2:$A$4919,0))-1,"") | O159: =IFERROR($I159*3,"") | P159: =IFERROR($I159*3.5,"") | Q159: =IFERROR($I159*4,"") | R159: 950 | S159: 0 | T159: active | V159: SIN PRECIO
A160: 15711172277517 | B160: ARETES CD SADDLE GOLD | C160: 3 cm | D160: CYNTHIA | E160: =COUNTIF('DETALLE CRONOLÓGICO'!$A$2:$A$4919,$A160) | F160: =SUMIFS('DETALLE CRONOLÓGICO'!$I$2:$I$4919,'DETALLE CRONOLÓGICO'!$A$2:$A$4919,$A160) | G160: =INDEX('DETALLE CRONOLÓGICO'!$D$2:$D$4919,MATCH($A160,'DETALLE CRONOLÓGICO'!$A$2:$A$4919,0)) | H160: =INDEX('DETALLE CRONOLÓGICO'!$D$2:$D$4919,MATCH($A160,'DETALLE CRONOLÓGICO'!$A$2:$A$4919,0)+$E160-1) | I160: =IFERROR(SUMIFS('DETALLE CRONOLÓGICO'!$L$2:$L$4919,'DETALLE CRONOLÓGICO'!$A$2:$A$4919,$A160)/$F160,"") | J160: =IFERROR(SUMIFS('DETALLE CRONOLÓGICO'!$K$2:$K$4919,'DETALLE CRONOLÓGICO'!$A$2:$A$4919,$A160)/$E160,"") | K160: =_xlfn.MINIFS('DETALLE CRONOLÓGICO'!$K$2:$K$4919,'DETALLE CRONOLÓGICO'!$A$2:$A$4919,$A160) | L160: =_xlfn.MAXIFS('DETALLE CRONOLÓGICO'!$K$2:$K$4919,'DETALLE CRONOLÓGICO'!$A$2:$A$4919,$A160) | M160: =INDEX('DETALLE CRONOLÓGICO'!$K$2:$K$4919,MATCH($A160,'DETALLE CRONOLÓGICO'!$A$2:$A$4919,0)+$E160-1) | N160: =IFERROR($M160/INDEX('DETALLE CRONOLÓGICO'!$K$2:$K$4919,MATCH($A160,'DETALLE CRONOLÓGICO'!$A$2:$A$4919,0))-1,"") | O160: =IFERROR($I160*3,"") | P160: =IFERROR($I160*3.5,"") | Q160: =IFERROR($I160*4,"") | R160: 582.47 | S160: 3 | T160: active | V160: SIN PRECIO
A161: 15711172330573 | B161: ARETES CD PETIT JOLIE GOLD | C161: Default Title | D161: CYNTHIA | E161: =COUNTIF('DETALLE CRONOLÓGICO'!$A$2:$A$4919,$A161) | F161: =SUMIFS('DETALLE CRONOLÓGICO'!$I$2:$I$4919,'DETALLE CRONOLÓGICO'!$A$2:$A$4919,$A161) | G161: =INDEX('DETALLE CRONOLÓGICO'!$D$2:$D$4919,MATCH($A161,'DETALLE CRONOLÓGICO'!$A$2:$A$4919,0)) | H161: =INDEX('DETALLE CRONOLÓGICO'!$D$2:$D$4919,MATCH($A161,'DETALLE CRONOLÓGICO'!$A$2:$A$4919,0)+$E161-1) | I161: =IFERROR(SUMIFS('DETALLE CRONOLÓGICO'!$L$2:$L$4919,'DETALLE CRONOLÓGICO'!$A$2:$A$4919,$A161)/$F161,"") | J161: =IFERROR(SUMIFS('DETALLE CRONOLÓGICO'!$K$2:$K$4919,'DETALLE CRONOLÓGICO'!$A$2:$A$4919,$A161)/$E161,"") | K161: =_xlfn.MINIFS('DETALLE CRONOLÓGICO'!$K$2:$K$4919,'DETALLE CRONOLÓGICO'!$A$2:$A$4919,$A161) | L161: =_xlfn.MAXIFS('DETALLE CRONOLÓGICO'!$K$2:$K$4919,'DETALLE CRONOLÓGICO'!$A$2:$A$4919,$A161) | M161: =INDEX('DETALLE CRONOLÓGICO'!$K$2:$K$4919,MATCH($A161,'DETALLE CRONOLÓGICO'!$A$2:$A$4919,0)+$E161-1) | N161: =IFERROR($M161/INDEX('DETALLE CRONOLÓGICO'!$K$2:$K$4919,MATCH($A161,'DETALLE CRONOLÓGICO'!$A$2:$A$4919,0))-1,"") | O161: =IFERROR($I161*3,"") | P161: =IFERROR($I161*3.5,"") | Q161: =IFERROR($I161*4,"") | R161: 709 | S161: 2 | T161: active | V161: SIN PRECIO
A162: 15711172404461 | B162: PULSERA PETIT CD JOLIE GOLD | C162: 20 cm | D162: CYNTHIA | E162: =COUNTIF('DETALLE CRONOLÓGICO'!$A$2:$A$4919,$A162) | F162: =SUMIFS('DETALLE CRONOLÓGICO'!$I$2:$I$4919,'DETALLE CRONOLÓGICO'!$A$2:$A$4919,$A162) | G162: =INDEX('DETALLE CRONOLÓGICO'!$D$2:$D$4919,MATCH($A162,'DETALLE CRONOLÓGICO'!$A$2:$A$4919,0)) | H162: =INDEX('DETALLE CRONOLÓGICO'!$D$2:$D$4919,MATCH($A162,'DETALLE CRONOLÓGICO'!$A$2:$A$4919,0)+$E162-1) | I162: =IFERROR(SUMIFS('DETALLE CRONOLÓGICO'!$L$2:$L$4919,'DETALLE CRONOLÓGICO'!$A$2:$A$4919,$A162)/$F162,"") | J162: =IFERROR(SUMIFS('DETALLE CRONOLÓGICO'!$K$2:$K$4919,'DETALLE CRONOLÓGICO'!$A$2:$A$4919,$A162)/$E162,"") | K162: =_xlfn.MINIFS('DETALLE CRONOLÓGICO'!$K$2:$K$4919,'DETALLE CRONOLÓGICO'!$A$2:$A$4919,$A162) | L162: =_xlfn.MAXIFS('DETALLE CRONOLÓGICO'!$K$2:$K$4919,'DETALLE CRONOLÓGICO'!$A$2:$A$4919,$A162) | M162: =INDEX('DETALLE CRONOLÓGICO'!$K$2:$K$4919,MATCH($A162,'DETALLE CRONOLÓGICO'!$A$2:$A$4919,0)+$E162-1) | N162: =IFERROR($M162/INDEX('DETALLE CRONOLÓGICO'!$K$2:$K$4919,MATCH($A162,'DETALLE CRONOLÓGICO'!$A$2:$A$4919,0))-1,"") | O162: =IFERROR($I162*3,"") | P162: =IFERROR($I162*3.5,"") | Q162: =IFERROR($I162*4,"") | R162: 935 | S162: 4 | T162: active | V162: SIN PRECIO
A163: 15711172573869 | B163: COLLAR JOLIE CD GOLD | C163: Default Title | D163: CYNTHIA | E163: =COUNTIF('DETALLE CRONOLÓGICO'!$A$2:$A$4919,$A163) | F163: =SUMIFS('DETALLE CRONOLÓGICO'!$I$2:$I$4919,'DETALLE CRONOLÓGICO'!$A$2:$A$4919,$A163) | G163: =INDEX('DETALLE CRONOLÓGICO'!$D$2:$D$4919,MATCH($A163,'DETALLE CRONOLÓGICO'!$A$2:$A$4919,0)) | H163: =INDEX('DETALLE CRONOLÓGICO'!$D$2:$D$4919,MATCH($A163,'DETALLE CRONOLÓGICO'!$A$2:$A$4919,0)+$E163-1) | I163: =IFERROR(SUMIFS('DETALLE CRONOLÓGICO'!$L$2:$L$4919,'DETALLE CRONOLÓGICO'!$A$2:$A$4919,$A163)/$F163,"") | J163: =IFERROR(SUMIFS('DETALLE CRONOLÓGICO'!$K$2:$K$4919,'DETALLE CRONOLÓGICO'!$A$2:$A$4919,$A163)/$E163,"") | K163: =_xlfn.MINIFS('DETALLE CRONOLÓGICO'!$K$2:$K$4919,'DETALLE CRONOLÓGICO'!$A$2:$A$4919,$A163) | L163: =_xlfn.MAXIFS('DETALLE CRONOLÓGICO'!$K$2:$K$4919,'DETALLE CRONOLÓGICO'!$A$2:$A$4919,$A163) | M163: =INDEX('DETALLE CRONOLÓGICO'!$K$2:$K$4919,MATCH($A163,'DETALLE CRONOLÓGICO'!$A$2:$A$4919,0)+$E163-1) | N163: =IFERROR($M163/INDEX('DETALLE CRONOLÓGICO'!$K$2:$K$4919,MATCH($A163,'DETALLE CRONOLÓGICO'!$A$2:$A$4919,0))-1,"") | O163: =IFERROR($I163*3,"") | P163: =IFERROR($I163*3.5,"") | Q163: =IFERROR($I163*4,"") | R163: 820 | S163: 7 | T163: active | V163: SIN PRECIO
A164: 15711172684525 | B164: COLLAR LOGO CD CON ZIRCONIA SILVER | C164: Default Title | D164: CYNTHIA | E164: =COUNTIF('DETALLE CRONOLÓGICO'!$A$2:$A$4919,$A164) | F164: =SUMIFS('DETALLE CRONOLÓGICO'!$I$2:$I$4919,'DETALLE CRONOLÓGICO'!$A$2:$A$4919,$A164) | G164: =INDEX('DETALLE CRONOLÓGICO'!$D$2:$D$4919,MATCH($A164,'DETALLE CRONOLÓGICO'!$A$2:$A$4919,0)) | H164: =INDEX('DETALLE CRONOLÓGICO'!$D$2:$D$4919,MATCH($A164,'DETALLE CRONOLÓGICO'!$A$2:$A$4919,0)+$E164-1) | I164: =IFERROR(SUMIFS('DETALLE CRONOLÓGICO'!$L$2:$L$4919,'DETALLE CRONOLÓGICO'!$A$2:$A$4919,$A164)/$F164,"") | J164: =IFERROR(SUMIFS('DETALLE CRONOLÓGICO'!$K$2:$K$4919,'DETALLE CRONOLÓGICO'!$A$2:$A$4919,$A164)/$E164,"") | K164: =_xlfn.MINIFS('DETALLE CRONOLÓGICO'!$K$2:$K$4919,'DETALLE CRONOLÓGICO'!$A$2:$A$4919,$A164) | L164: =_xlfn.MAXIFS('DETALLE CRONOLÓGICO'!$K$2:$K$4919,'DETALLE CRONOLÓGICO'!$A$2:$A$4919,$A164) | M164: =INDEX('DETALLE CRONOLÓGICO'!$K$2:$K$4919,MATCH($A164,'DETALLE CRONOLÓGICO'!$A$2:$A$4919,0)+$E164-1) | N164: =IFERROR($M164/INDEX('DETALLE CRONOLÓGICO'!$K$2:$K$4919,MATCH($A164,'DETALLE CRONOLÓGICO'!$A$2:$A$4919,0))-1,"") | O164: =IFERROR($I164*3,"") | P164: =IFERROR($I164*3.5,"") | Q164: =IFERROR($I164*4,"") | R164: 528 | S164: 0 | T164: active | V164: SIN PRECIO
A165: 15711172766221 | B165: PULSERA C GOLD | C165: Default Title | D165: CYNTHIA | E165: =COUNTIF('DETALLE CRONOLÓGICO'!$A$2:$A$4919,$A165) | F165: =SUMIFS('DETALLE CRONOLÓGICO'!$I$2:$I$4919,'DETALLE CRONOLÓGICO'!$A$2:$A$4919,$A165) | G165: =INDEX('DETALLE CRONOLÓGICO'!$D$2:$D$4919,MATCH($A165,'DETALLE CRONOLÓGICO'!$A$2:$A$4919,0)) | H165: =INDEX('DETALLE CRONOLÓGICO'!$D$2:$D$4919,MATCH($A165,'DETALLE CRONOLÓGICO'!$A$2:$A$4919,0)+$E165-1) | I165: =IFERROR(SUMIFS('DETALLE CRONOLÓGICO'!$L$2:$L$4919,'DETALLE CRONOLÓGICO'!$A$2:$A$4919,$A165)/$F165,"") | J165: =IFERROR(SUMIFS('DETALLE CRONOLÓGICO'!$K$2:$K$4919,'DETALLE CRONOLÓGICO'!$A$2:$A$4919,$A165)/$E165,"") | K165: =_xlfn.MINIFS('DETALLE CRONOLÓGICO'!$K$2:$K$4919,'DETALLE CRONOLÓGICO'!$A$2:$A$4919,$A165) | L165: =_xlfn.MAXIFS('DETALLE CRONOLÓGICO'!$K$2:$K$4919,'DETALLE CRONOLÓGICO'!$A$2:$A$4919,$A165) | M165: =INDEX('DETALLE CRONOLÓGICO'!$K$2:$K$4919,MATCH($A165,'DETALLE CRONOLÓGICO'!$A$2:$A$4919,0)+$E165-1) | N165: =IFERROR($M165/INDEX('DETALLE CRONOLÓGICO'!$K$2:$K$4919,MATCH($A165,'DETALLE CRONOLÓGICO'!$A$2:$A$4919,0))-1,"") | O165: =IFERROR($I165*3,"") | P165: =IFERROR($I165*3.5,"") | Q165: =IFERROR($I165*4,"") | R165: 939 | S165: 5 | T165: active | V165: SIN PRECIO
A166: 15711172845805 | B166: PULSERA C SILVER | C166: 16 cm | D166: CYNTHIA | E166: =COUNTIF('DETALLE CRONOLÓGICO'!$A$2:$A$4919,$A166) | F166: =SUMIFS('DETALLE CRONOLÓGICO'!$I$2:$I$4919,'DETALLE CRONOLÓGICO'!$A$2:$A$4919,$A166) | G166: =INDEX('DETALLE CRONOLÓGICO'!$D$2:$D$4919,MATCH($A166,'DETALLE CRONOLÓGICO'!$A$2:$A$4919,0)) | H166: =INDEX('DETALLE CRONOLÓGICO'!$D$2:$D$4919,MATCH($A166,'DETALLE CRONOLÓGICO'!$A$2:$A$4919,0)+$E166-1) | I166: =IFERROR(SUMIFS('DETALLE CRONOLÓGICO'!$L$2:$L$4919,'DETALLE CRONOLÓGICO'!$A$2:$A$4919,$A166)/$F166,"") | J166: =IFERROR(SUMIFS('DETALLE CRONOLÓGICO'!$K$2:$K$4919,'DETALLE CRONOLÓGICO'!$A$2:$A$4919,$A166)/$E166,"") | K166: =_xlfn.MINIFS('DETALLE CRONOLÓGICO'!$K$2:$K$4919,'DETALLE CRONOLÓGICO'!$A$2:$A$4919,$A166) | L166: =_xlfn.MAXIFS('DETALLE CRONOLÓGICO'!$K$2:$K$4919,'DETALLE CRONOLÓGICO'!$A$2:$A$4919,$A166) | M166: =INDEX('DETALLE CRONOLÓGICO'!$K$2:$K$4919,MATCH($A166,'DETALLE CRONOLÓGICO'!$A$2:$A$4919,0)+$E166-1) | N166: =IFERROR($M166/INDEX('DETALLE CRONOLÓGICO'!$K$2:$K$4919,MATCH($A166,'DETALLE CRONOLÓGICO'!$A$2:$A$4919,0))-1,"") | O166: =IFERROR($I166*3,"") | P166: =IFERROR($I166*3.5,"") | Q166: =IFERROR($I166*4,"") | R166: 820 | S166: 2 | T166: active | V166: SIN PRECIO
A167: 15711173032365 | B167: PERFUME DEVOTION, EAU DE PARFUM 100ML | C167: Default Title | D167: ZOEY | E167: =COUNTIF('DETALLE CRONOLÓGICO'!$A$2:$A$4919,$A167) | F167: =SUMIFS('DETALLE CRONOLÓGICO'!$I$2:$I$4919,'DETALLE CRONOLÓGICO'!$A$2:$A$4919,$A167) | G167: =INDEX('DETALLE CRONOLÓGICO'!$D$2:$D$4919,MATCH($A167,'DETALLE CRONOLÓGICO'!$A$2:$A$4919,0)) | H167: =INDEX('DETALLE CRONOLÓGICO'!$D$2:$D$4919,MATCH($A167,'DETALLE CRONOLÓGICO'!$A$2:$A$4919,0)+$E167-1) | I167: =IFERROR(SUMIFS('DETALLE CRONOLÓGICO'!$L$2:$L$4919,'DETALLE CRONOLÓGICO'!$A$2:$A$4919,$A167)/$F167,"") | J167: =IFERROR(SUMIFS('DETALLE CRONOLÓGICO'!$K$2:$K$4919,'DETALLE CRONOLÓGICO'!$A$2:$A$4919,$A167)/$E167,"") | K167: =_xlfn.MINIFS('DETALLE CRONOLÓGICO'!$K$2:$K$4919,'DETALLE CRONOLÓGICO'!$A$2:$A$4919,$A167) | L167: =_xlfn.MAXIFS('DETALLE CRONOLÓGICO'!$K$2:$K$4919,'DETALLE CRONOLÓGICO'!$A$2:$A$4919,$A167) | M167: =INDEX('DETALLE CRONOLÓGICO'!$K$2:$K$4919,MATCH($A167,'DETALLE CRONOLÓGICO'!$A$2:$A$4919,0)+$E167-1) | N167: =IFERROR($M167/INDEX('DETALLE CRONOLÓGICO'!$K$2:$K$4919,MATCH($A167,'DETALLE CRONOLÓGICO'!$A$2:$A$4919,0))-1,"") | O167: =IFERROR($I167*3,"") | P167: =IFERROR($I167*3.5,"") | Q167: =IFERROR($I167*4,"") | R167: 1499 | S167: 2 | T167: active | V167: SIN PRECIO
... A179: 16117871063213 | B179: ARETES CD SASOM PEARL BLUE | C179: Default Title | D179: HAIFENG | E179: =COUNTIF('DETALLE CRONOLÓGICO'!$A$2:$A$4919,$A179) | F179: =SUMIFS('DETALLE CRONOLÓGICO'!$I$2:$I$4919,'DETALLE CRONOLÓGICO'!$A$2:$A$4919,$A179) | G179: =INDEX('DETALLE CRONOLÓGICO'!$D$2:$D$4919,MATCH($A179,'DETALLE CRONOLÓGICO'!$A$2:$A$4919,0)) | H179: =INDEX('DETALLE CRONOLÓGICO'!$D$2:$D$4919,MATCH($A179,'DETALLE CRONOLÓGICO'!$A$2:$A$4919,0)+$E179-1) | I179: =IFERROR(SUMIFS('DETALLE CRONOLÓGICO'!$L$2:$L$4919,'DETALLE CRONOLÓGICO'!$A$2:$A$4919,$A179)/$F179,"") | J179: =IFERROR(SUMIFS('DETALLE CRONOLÓGICO'!$K$2:$K$4919,'DETALLE CRONOLÓGICO'!$A$2:$A$4919,$A179)/$E179,"") | K179: =_xlfn.MINIFS('DETALLE CRONOLÓGICO'!$K$2:$K$4919,'DETALLE CRONOLÓGICO'!$A$2:$A$4919,$A179) | L179: =_xlfn.MAXIFS('DETALLE CRONOLÓGICO'!$K$2:$K$4919,'DETALLE CRONOLÓGICO'!$A$2:$A$4919,$A179) | M179: =INDEX('DETALLE CRONOLÓGICO'!$K$2:$K$4919,MATCH($A179,'DETALLE CRONOLÓGICO'!$A$2:$A$4919,0)+$E179-1) | N179: =IFERROR($M179/INDEX('DETALLE CRONOLÓGICO'!$K$2:$K$4919,MATCH($A179,'DETALLE CRONOLÓGICO'!$A$2:$A$4919,0))-1,"") | O179: =IFERROR($I179*3,"") | P179: =IFERROR($I179*3.5,"") | Q179: =IFERROR($I179*4,"") | R179: 0 | S179: 0 | T179: draft | V179: SIN PRECIO
A180: 16117871175085 | B180: ARRACADAS CD GOLD BLACK ZIRCONIAS | D180: HAIFENG | E180: =COUNTIF('DETALLE CRONOLÓGICO'!$A$2:$A$4919,$A180) | F180: =SUMIFS('DETALLE CRONOLÓGICO'!$I$2:$I$4919,'DETALLE CRONOLÓGICO'!$A$2:$A$4919,$A180) | G180: =INDEX('DETALLE CRONOLÓGICO'!$D$2:$D$4919,MATCH($A180,'DETALLE CRONOLÓGICO'!$A$2:$A$4919,0)) | H180: =INDEX('DETALLE CRONOLÓGICO'!$D$2:$D$4919,MATCH($A180,'DETALLE CRONOLÓGICO'!$A$2:$A$4919,0)+$E180-1) | I180: =IFERROR(SUMIFS('DETALLE CRONOLÓGICO'!$L$2:$L$4919,'DETALLE CRONOLÓGICO'!$A$2:$A$4919,$A180)/$F180,"") | J180: =IFERROR(SUMIFS('DETALLE CRONOLÓGICO'!$K$2:$K$4919,'DETALLE CRONOLÓGICO'!$A$2:$A$4919,$A180)/$E180,"") | K180: =_xlfn.MINIFS('DETALLE CRONOLÓGICO'!$K$2:$K$4919,'DETALLE CRONOLÓGICO'!$A$2:$A$4919,$A180) | L180: =_xlfn.MAXIFS('DETALLE CRONOLÓGICO'!$K$2:$K$4919,'DETALLE CRONOLÓGICO'!$A$2:$A$4919,$A180) | M180: =INDEX('DETALLE CRONOLÓGICO'!$K$2:$K$4919,MATCH($A180,'DETALLE CRONOLÓGICO'!$A$2:$A$4919,0)+$E180-1) | N180: =IFERROR($M180/INDEX('DETALLE CRONOLÓGICO'!$K$2:$K$4919,MATCH($A180,'DETALLE CRONOLÓGICO'!$A$2:$A$4919,0))-1,"") | O180: =IFERROR($I180*3,"") | P180: =IFERROR($I180*3.5,"") | Q180: =IFERROR($I180*4,"") | T180: YA NO EXISTE EN SHOPIFY | V180: SIN PRECIO
A181: 16117871480237 | B181: PULSERA KNOT ONE ROSE GOLD CON ZIRCONIA | C181: Default Title | D181: HAIFENG | E181: =COUNTIF('DETALLE CRONOLÓGICO'!$A$2:$A$4919,$A181) | F181: =SUMIFS('DETALLE CRONOLÓGICO'!$I$2:$I$4919,'DETALLE CRONOLÓGICO'!$A$2:$A$4919,$A181) | G181: =INDEX('DETALLE CRONOLÓGICO'!$D$2:$D$4919,MATCH($A181,'DETALLE CRONOLÓGICO'!$A$2:$A$4919,0)) | H181: =INDEX('DETALLE CRONOLÓGICO'!$D$2:$D$4919,MATCH($A181,'DETALLE CRONOLÓGICO'!$A$2:$A$4919,0)+$E181-1) | I181: =IFERROR(SUMIFS('DETALLE CRONOLÓGICO'!$L$2:$L$4919,'DETALLE CRONOLÓGICO'!$A$2:$A$4919,$A181)/$F181,"") | J181: =IFERROR(SUMIFS('DETALLE CRONOLÓGICO'!$K$2:$K$4919,'DETALLE CRONOLÓGICO'!$A$2:$A$4919,$A181)/$E181,"") | K181: =_xlfn.MINIFS('DETALLE CRONOLÓGICO'!$K$2:$K$4919,'DETALLE CRONOLÓGICO'!$A$2:$A$4919,$A181) | L181: =_xlfn.MAXIFS('DETALLE CRONOLÓGICO'!$K$2:$K$4919,'DETALLE CRONOLÓGICO'!$A$2:$A$4919,$A181) | M181: =INDEX('DETALLE CRONOLÓGICO'!$K$2:$K$4919,MATCH($A181,'DETALLE CRONOLÓGICO'!$A$2:$A$4919,0)+$E181-1) | N181: =IFERROR($M181/INDEX('DETALLE CRONOLÓGICO'!$K$2:$K$4919,MATCH($A181,'DETALLE CRONOLÓGICO'!$A$2:$A$4919,0))-1,"") | O181: =IFERROR($I181*3,"") | P181: =IFERROR($I181*3.5,"") | Q181: =IFERROR($I181*4,"") | R181: 535 | S181: 2 | T181: active | V181: SIN PRECIO
A182: 16117871577997 | B182: ANILLO BV ZERO 1 BLACK-ROSEGOLD | C182: 7 | D182: HAIFENG | E182: =COUNTIF('DETALLE CRONOLÓGICO'!$A$2:$A$4919,$A182) | F182: =SUMIFS('DETALLE CRONOLÓGICO'!$I$2:$I$4919,'DETALLE CRONOLÓGICO'!$A$2:$A$4919,$A182) | G182: =INDEX('DETALLE CRONOLÓGICO'!$D$2:$D$4919,MATCH($A182,'DETALLE CRONOLÓGICO'!$A$2:$A$4919,0)) | H182: =INDEX('DETALLE CRONOLÓGICO'!$D$2:$D$4919,MATCH($A182,'DETALLE CRONOLÓGICO'!$A$2:$A$4919,0)+$E182-1) | I182: =IFERROR(SUMIFS('DETALLE CRONOLÓGICO'!$L$2:$L$4919,'DETALLE CRONOLÓGICO'!$A$2:$A$4919,$A182)/$F182,"") | J182: =IFERROR(SUMIFS('DETALLE CRONOLÓGICO'!$K$2:$K$4919,'DETALLE CRONOLÓGICO'!$A$2:$A$4919,$A182)/$E182,"") | K182: =_xlfn.MINIFS('DETALLE CRONOLÓGICO'!$K$2:$K$4919,'DETALLE CRONOLÓGICO'!$A$2:$A$4919,$A182) | L182: =_xlfn.MAXIFS('DETALLE CRONOLÓGICO'!$K$2:$K$4919,'DETALLE CRONOLÓGICO'!$A$2:$A$4919,$A182) | M182: =INDEX('DETALLE CRONOLÓGICO'!$K$2:$K$4919,MATCH($A182,'DETALLE CRONOLÓGICO'!$A$2:$A$4919,0)+$E182-1) | N182: =IFERROR($M182/INDEX('DETALLE CRONOLÓGICO'!$K$2:$K$4919,MATCH($A182,'DETALLE CRONOLÓGICO'!$A$2:$A$4919,0))-1,"") | O182: =IFERROR($I182*3,"") | P182: =IFERROR($I182*3.5,"") | Q182: =IFERROR($I182*4,"") | R182: 580 | S182: 2 | T182: active | V182: SIN PRECIO
A183: 16117871610765 | B183: ANILLO BV ZERO 1 BLACK-ROSEGOLD | C183: 8 | D183: HAIFENG | E183: =COUNTIF('DETALLE CRONOLÓGICO'!$A$2:$A$4919,$A183) | F183: =SUMIFS('DETALLE CRONOLÓGICO'!$I$2:$I$4919,'DETALLE CRONOLÓGICO'!$A$2:$A$4919,$A183) | G183: =INDEX('DETALLE CRONOLÓGICO'!$D$2:$D$4919,MATCH($A183,'DETALLE CRONOLÓGICO'!$A$2:$A$4919,0)) | H183: =INDEX('DETALLE CRONOLÓGICO'!$D$2:$D$4919,MATCH($A183,'DETALLE CRONOLÓGICO'!$A$2:$A$4919,0)+$E183-1) | I183: =IFERROR(SUMIFS('DETALLE CRONOLÓGICO'!$L$2:$L$4919,'DETALLE CRONOLÓGICO'!$A$2:$A$4919,$A183)/$F183,"") | J183: =IFERROR(SUMIFS('DETALLE CRONOLÓGICO'!$K$2:$K$4919,'DETALLE CRONOLÓGICO'!$A$2:$A$4919,$A183)/$E183,"") | K183: =_xlfn.MINIFS('DETALLE CRONOLÓGICO'!$K$2:$K$4919,'DETALLE CRONOLÓGICO'!$A$2:$A$4919,$A183) | L183: =_xlfn.MAXIFS('DETALLE CRONOLÓGICO'!$K$2:$K$4919,'DETALLE CRONOLÓGICO'!$A$2:$A$4919,$A183) | M183: =INDEX('DETALLE CRONOLÓGICO'!$K$2:$K$4919,MATCH($A183,'DETALLE CRONOLÓGICO'!$A$2:$A$4919,0)+$E183-1) | N183: =IFERROR($M183/INDEX('DETALLE CRONOLÓGICO'!$K$2:$K$4919,MATCH($A183,'DETALLE CRONOLÓGICO'!$A$2:$A$4919,0))-1,"") | O183: =IFERROR($I183*3,"") | P183: =IFERROR($I183*3.5,"") | Q183: =IFERROR($I183*4,"") | R183: 580 | S183: 3 | T183: active | V183: SIN PRECIO
A184: 16117871722093 | B184: PULSERA BV GOLD CON ZIRCONIA | C184: Default Title | D184: HAIFENG | E184: =COUNTIF('DETALLE CRONOLÓGICO'!$A$2:$A$4919,$A184) | F184: =SUMIFS('DETALLE CRONOLÓGICO'!$I$2:$I$4919,'DETALLE CRONOLÓGICO'!$A$2:$A$4919,$A184) | G184: =INDEX('DETALLE CRONOLÓGICO'!$D$2:$D$4919,MATCH($A184,'DETALLE CRONOLÓGICO'!$A$2:$A$4919,0)) | H184: =INDEX('DETALLE CRONOLÓGICO'!$D$2:$D$4919,MATCH($A184,'DETALLE CRONOLÓGICO'!$A$2:$A$4919,0)+$E184-1) | I184: =IFERROR(SUMIFS('DETALLE CRONOLÓGICO'!$L$2:$L$4919,'DETALLE CRONOLÓGICO'!$A$2:$A$4919,$A184)/$F184,"") | J184: =IFERROR(SUMIFS('DETALLE CRONOLÓGICO'!$K$2:$K$4919,'DETALLE CRONOLÓGICO'!$A$2:$A$4919,$A184)/$E184,"") | K184: =_xlfn.MINIFS('DETALLE CRONOLÓGICO'!$K$2:$K$4919,'DETALLE CRONOLÓGICO'!$A$2:$A$4919,$A184) | L184: =_xlfn.MAXIFS('DETALLE CRONOLÓGICO'!$K$2:$K$4919,'DETALLE CRONOLÓGICO'!$A$2:$A$4919,$A184) | M184: =INDEX('DETALLE CRONOLÓGICO'!$K$2:$K$4919,MATCH($A184,'DETALLE CRONOLÓGICO'!$A$2:$A$4919,0)+$E184-1) | N184: =IFERROR($M184/INDEX('DETALLE CRONOLÓGICO'!$K$2:$K$4919,MATCH($A184,'DETALLE CRONOLÓGICO'!$A$2:$A$4919,0))-1,"") | O184: =IFERROR($I184*3,"") | P184: =IFERROR($I184*3.5,"") | Q184: =IFERROR($I184*4,"") | R184: 430 | S184: 1 | T184: active | V184: SIN PRECIO
A185: 16483891088621 | B185: CINTO LV HERITAGE LOGO SILVER | C185: Default Title | D185: CYNTHIA | E185: =COUNTIF('DETALLE CRONOLÓGICO'!$A$2:$A$4919,$A185) | F185: =SUMIFS('DETALLE CRONOLÓGICO'!$I$2:$I$4919,'DETALLE CRONOLÓGICO'!$A$2:$A$4919,$A185) | G185: =INDEX('DETALLE CRONOLÓGICO'!$D$2:$D$4919,MATCH($A185,'DETALLE CRONOLÓGICO'!$A$2:$A$4919,0)) | H185: =INDEX('DETALLE CRONOLÓGICO'!$D$2:$D$4919,MATCH($A185,'DETALLE CRONOLÓGICO'!$A$2:$A$4919,0)+$E185-1) | I185: =IFERROR(SUMIFS('DETALLE CRONOLÓGICO'!$L$2:$L$4919,'DETALLE CRONOLÓGICO'!$A$2:$A$4919,$A185)/$F185,"") | J185: =IFERROR(SUMIFS('DETALLE CRONOLÓGICO'!$K$2:$K$4919,'DETALLE CRONOLÓGICO'!$A$2:$A$4919,$A185)/$E185,"") | K185: =_xlfn.MINIFS('DETALLE CRONOLÓGICO'!$K$2:$K$4919,'DETALLE CRONOLÓGICO'!$A$2:$A$4919,$A185) | L185: =_xlfn.MAXIFS('DETALLE CRONOLÓGICO'!$K$2:$K$4919,'DETALLE CRONOLÓGICO'!$A$2:$A$4919,$A185) | M185: =INDEX('DETALLE CRONOLÓGICO'!$K$2:$K$4919,MATCH($A185,'DETALLE CRONOLÓGICO'!$A$2:$A$4919,0)+$E185-1) | N185: =IFERROR($M185/INDEX('DETALLE CRONOLÓGICO'!$K$2:$K$4919,MATCH($A185,'DETALLE CRONOLÓGICO'!$A$2:$A$4919,0))-1,"") | O185: =IFERROR($I185*3,"") | P185: =IFERROR($I185*3.5,"") | Q185: =IFERROR($I185*4,"") | R185: 915 | S185: 0 | T185: active | V185: SIN PRECIO
A186: 16498231076513 | B186: SET DE COLLAR Y PULSERA CORAZÓN CON ZIRCONIA. Titanio | C186: Default Title | D186: ZOEY | E186: =COUNTIF('DETALLE CRONOLÓGICO'!$A$2:$A$4919,$A186) | F186: =SUMIFS('DETALLE CRONOLÓGICO'!$I$2:$I$4919,'DETALLE CRONOLÓGICO'!$A$2:$A$4919,$A186) | G186: =INDEX('DETALLE CRONOLÓGICO'!$D$2:$D$4919,MATCH($A186,'DETALLE CRONOLÓGICO'!$A$2:$A$4919,0)) | H186: =INDEX('DETALLE CRONOLÓGICO'!$D$2:$D$4919,MATCH($A186,'DETALLE CRONOLÓGICO'!$A$2:$A$4919,0)+$E186-1) | I186: =IFERROR(SUMIFS('DETALLE CRONOLÓGICO'!$L$2:$L$4919,'DETALLE CRONOLÓGICO'!$A$2:$A$4919,$A186)/$F186,"") | J186: =IFERROR(SUMIFS('DETALLE CRONOLÓGICO'!$K$2:$K$4919,'DETALLE CRONOLÓGICO'!$A$2:$A$4919,$A186)/$E186,"") | K186: =_xlfn.MINIFS('DETALLE CRONOLÓGICO'!$K$2:$K$4919,'DETALLE CRONOLÓGICO'!$A$2:$A$4919,$A186) | L186: =_xlfn.MAXIFS('DETALLE CRONOLÓGICO'!$K$2:$K$4919,'DETALLE CRONOLÓGICO'!$A$2:$A$4919,$A186) | M186: =INDEX('DETALLE CRONOLÓGICO'!$K$2:$K$4919,MATCH($A186,'DETALLE CRONOLÓGICO'!$A$2:$A$4919,0)+$E186-1) | N186: =IFERROR($M186/INDEX('DETALLE CRONOLÓGICO'!$K$2:$K$4919,MATCH($A186,'DETALLE CRONOLÓGICO'!$A$2:$A$4919,0))-1,"") | O186: =IFERROR($I186*3,"") | P186: =IFERROR($I186*3.5,"") | Q186: =IFERROR($I186*4,"") | R186: 1299 | S186: 3 | T186: active | V186: SIN PRECIO
A187: 16572644570636 | B187: TRAJE DE BAÑO GC | C187: L | D187: CYNTHIA | E187: =COUNTIF('DETALLE CRONOLÓGICO'!$A$2:$A$4919,$A187) | F187: =SUMIFS('DETALLE CRONOLÓGICO'!$I$2:$I$4919,'DETALLE CRONOLÓGICO'!$A$2:$A$4919,$A187) | G187: =INDEX('DETALLE CRONOLÓGICO'!$D$2:$D$4919,MATCH($A187,'DETALLE CRONOLÓGICO'!$A$2:$A$4919,0)) | H187: =INDEX('DETALLE CRONOLÓGICO'!$D$2:$D$4919,MATCH($A187,'DETALLE CRONOLÓGICO'!$A$2:$A$4919,0)+$E187-1) | I187: =IFERROR(SUMIFS('DETALLE CRONOLÓGICO'!$L$2:$L$4919,'DETALLE CRONOLÓGICO'!$A$2:$A$4919,$A187)/$F187,"") | J187: =IFERROR(SUMIFS('DETALLE CRONOLÓGICO'!$K$2:$K$4919,'DETALLE CRONOLÓGICO'!$A$2:$A$4919,$A187)/$E187,"") | K187: =_xlfn.MINIFS('DETALLE CRONOLÓGICO'!$K$2:$K$4919,'DETALLE CRONOLÓGICO'!$A$2:$A$4919,$A187) | L187: =_xlfn.MAXIFS('DETALLE CRONOLÓGICO'!$K$2:$K$4919,'DETALLE CRONOLÓGICO'!$A$2:$A$4919,$A187) | M187: =INDEX('DETALLE CRONOLÓGICO'!$K$2:$K$4919,MATCH($A187,'DETALLE CRONOLÓGICO'!$A$2:$A$4919,0)+$E187-1) | N187: =IFERROR($M187/INDEX('DETALLE CRONOLÓGICO'!$K$2:$K$4919,MATCH($A187,'DETALLE CRONOLÓGICO'!$A$2:$A$4919,0))-1,"") | O187: =IFERROR($I187*3,"") | P187: =IFERROR($I187*3.5,"") | Q187: =IFERROR($I187*4,"") | R187: 1129 | S187: 0 | T187: active | V187: SIN PRECIO
A188: 16572644603404 | B188: TRAJE DE BANO GC | C188: XL | D188: CYNTHIA | E188: =COUNTIF('DETALLE CRONOLÓGICO'!$A$2:$A$4919,$A188) | F188: =SUMIFS('DETALLE CRONOLÓGICO'!$I$2:$I$4919,'DETALLE CRONOLÓGICO'!$A$2:$A$4919,$A188) | G188: =INDEX('DETALLE CRONOLÓGICO'!$D$2:$D$4919,MATCH($A188,'DETALLE CRONOLÓGICO'!$A$2:$A$4919,0)) | H188: =INDEX('DETALLE CRONOLÓGICO'!$D$2:$D$4919,MATCH($A188,'DETALLE CRONOLÓGICO'!$A$2:$A$4919,0)+$E188-1) | I188: =IFERROR(SUMIFS('DETALLE CRONOLÓGICO'!$L$2:$L$4919,'DETALLE CRONOLÓGICO'!$A$2:$A$4919,$A188)/$F188,"") | J188: =IFERROR(SUMIFS('DETALLE CRONOLÓGICO'!$K$2:$K$4919,'DETALLE CRONOLÓGICO'!$A$2:$A$4919,$A188)/$E188,"") | K188: =_xlfn.MINIFS('DETALLE CRONOLÓGICO'!$K$2:$K$4919,'DETALLE CRONOLÓGICO'!$A$2:$A$4919,$A188) | L188: =_xlfn.MAXIFS('DETALLE CRONOLÓGICO'!$K$2:$K$4919,'DETALLE CRONOLÓGICO'!$A$2:$A$4919,$A188) | M188: =INDEX('DETALLE CRONOLÓGICO'!$K$2:$K$4919,MATCH($A188,'DETALLE CRONOLÓGICO'!$A$2:$A$4919,0)+$E188-1) | N188: =IFERROR($M188/INDEX('DETALLE CRONOLÓGICO'!$K$2:$K$4919,MATCH($A188,'DETALLE CRONOLÓGICO'!$A$2:$A$4919,0))-1,"") | O188: =IFERROR($I188*3,"") | P188: =IFERROR($I188*3.5,"") | Q188: =IFERROR($I188*4,"") | R188: 1129 | S188: 2 | T188: active | V188: SIN PRECIO
A189: 16572647978508 | B189: TRAJE DE BAÑO COMPLETO VC | C189: L | D189: CYNTHIA | E189: =COUNTIF('DETALLE CRONOLÓGICO'!$A$2:$A$4919,$A189) | F189: =SUMIFS('DETALLE CRONOLÓGICO'!$I$2:$I$4919,'DETALLE CRONOLÓGICO'!$A$2:$A$4919,$A189) | G189: =INDEX('DETALLE CRONOLÓGICO'!$D$2:$D$4919,MATCH($A189,'DETALLE CRONOLÓGICO'!$A$2:$A$4919,0)) | H189: =INDEX('DETALLE CRONOLÓGICO'!$D$2:$D$4919,MATCH($A189,'DETALLE CRONOLÓGICO'!$A$2:$A$4919,0)+$E189-1) | I189: =IFERROR(SUMIFS('DETALLE CRONOLÓGICO'!$L$2:$L$4919,'DETALLE CRONOLÓGICO'!$A$2:$A$4919,$A189)/$F189,"") | J189: =IFERROR(SUMIFS('DETALLE CRONOLÓGICO'!$K$2:$K$4919,'DETALLE CRONOLÓGICO'!$A$2:$A$4919,$A189)/$E189,"") | K189: =_xlfn.MINIFS('DETALLE CRONOLÓGICO'!$K$2:$K$4919,'DETALLE CRONOLÓGICO'!$A$2:$A$4919,$A189) | L189: =_xlfn.MAXIFS('DETALLE CRONOLÓGICO'!$K$2:$K$4919,'DETALLE CRONOLÓGICO'!$A$2:$A$4919,$A189) | M189: =INDEX('DETALLE CRONOLÓGICO'!$K$2:$K$4919,MATCH($A189,'DETALLE CRONOLÓGICO'!$A$2:$A$4919,0)+$E189-1) | N189: =IFERROR($M189/INDEX('DETALLE CRONOLÓGICO'!$K$2:$K$4919,MATCH($A189,'DETALLE CRONOLÓGICO'!$A$2:$A$4919,0))-1,"") | O189: =IFERROR($I189*3,"") | P189: =IFERROR($I189*3.5,"") | Q189: =IFERROR($I189*4,"") | R189: 1359 | S189: 4 | T189: active | V189: SIN PRECIO
A190: 16572648011276 | B190: TRAJE DE BAÑO COMPLETO VC | C190: XL | D190: CYNTHIA | E190: =COUNTIF('DETALLE CRONOLÓGICO'!$A$2:$A$4919,$A190) | F190: =SUMIFS('DETALLE CRONOLÓGICO'!$I$2:$I$4919,'DETALLE CRONOLÓGICO'!$A$2:$A$4919,$A190) | G190: =INDEX('DETALLE CRONOLÓGICO'!$D$2:$D$4919,MATCH($A190,'DETALLE CRONOLÓGICO'!$A$2:$A$4919,0)) | H190: =INDEX('DETALLE CRONOLÓGICO'!$D$2:$D$4919,MATCH($A190,'DETALLE CRONOLÓGICO'!$A$2:$A$4919,0)+$E190-1) | I190: =IFERROR(SUMIFS('DETALLE CRONOLÓGICO'!$L$2:$L$4919,'DETALLE CRONOLÓGICO'!$A$2:$A$4919,$A190)/$F190,"") | J190: =IFERROR(SUMIFS('DETALLE CRONOLÓGICO'!$K$2:$K$4919,'DETALLE CRONOLÓGICO'!$A$2:$A$4919,$A190)/$E190,"") | K190: =_xlfn.MINIFS('DETALLE CRONOLÓGICO'!$K$2:$K$4919,'DETALLE CRONOLÓGICO'!$A$2:$A$4919,$A190) | L190: =_xlfn.MAXIFS('DETALLE CRONOLÓGICO'!$K$2:$K$4919,'DETALLE CRONOLÓGICO'!$A$2:$A$4919,$A190) | M190: =INDEX('DETALLE CRONOLÓGICO'!$K$2:$K$4919,MATCH($A190,'DETALLE CRONOLÓGICO'!$A$2:$A$4919,0)+$E190-1) | N190: =IFERROR($M190/INDEX('DETALLE CRONOLÓGICO'!$K$2:$K$4919,MATCH($A190,'DETALLE CRONOLÓGICO'!$A$2:$A$4919,0))-1,"") | O190: =IFERROR($I190*3,"") | P190: =IFERROR($I190*3.5,"") | Q190: =IFERROR($I190*4,"") | R190: 1359 | S190: 4 | T190: active | V190: SIN PRECIO
A191: 16572648568332 | B191: TRAJE DE BAÑO PR BLACK | C191: L | D191: CYNTHIA | E191: =COUNTIF('DETALLE CRONOLÓGICO'!$A$2:$A$4919,$A191) | F191: =SUMIFS('DETALLE CRONOLÓGICO'!$I$2:$I$4919,'DETALLE CRONOLÓGICO'!$A$2:$A$4919,$A191) | G191: =INDEX('DETALLE CRONOLÓGICO'!$D$2:$D$4919,MATCH($A191,'DETALLE CRONOLÓGICO'!$A$2:$A$4919,0)) | H191: =INDEX('DETALLE CRONOLÓGICO'!$D$2:$D$4919,MATCH($A191,'DETALLE CRONOLÓGICO'!$A$2:$A$4919,0)+$E191-1) | I191: =IFERROR(SUMIFS('DETALLE CRONOLÓGICO'!$L$2:$L$4919,'DETALLE CRONOLÓGICO'!$A$2:$A$4919,$A191)/$F191,"") | J191: =IFERROR(SUMIFS('DETALLE CRONOLÓGICO'!$K$2:$K$4919,'DETALLE CRONOLÓGICO'!$A$2:$A$4919,$A191)/$E191,"") | K191: =_xlfn.MINIFS('DETALLE CRONOLÓGICO'!$K$2:$K$4919,'DETALLE CRONOLÓGICO'!$A$2:$A$4919,$A191) | L191: =_xlfn.MAXIFS('DETALLE CRONOLÓGICO'!$K$2:$K$4919,'DETALLE CRONOLÓGICO'!$A$2:$A$4919,$A191) | M191: =INDEX('DETALLE CRONOLÓGICO'!$K$2:$K$4919,MATCH($A191,'DETALLE CRONOLÓGICO'!$A$2:$A$4919,0)+$E191-1) | N191: =IFERROR($M191/INDEX('DETALLE CRONOLÓGICO'!$K$2:$K$4919,MATCH($A191,'DETALLE CRONOLÓGICO'!$A$2:$A$4919,0))-1,"") | O191: =IFERROR($I191*3,"") | P191: =IFERROR($I191*3.5,"") | Q191: =IFERROR($I191*4,"") | R191: 779 | S191: 6 | T191: active | V191: SIN PRECIO
A192: 16572648601100 | B192: TRAJE DE BAÑO PR BLACK | C192: XL | D192: CYNTHIA | E192: =COUNTIF('DETALLE CRONOLÓGICO'!$A$2:$A$4919,$A192) | F192: =SUMIFS('DETALLE CRONOLÓGICO'!$I$2:$I$4919,'DETALLE CRONOLÓGICO'!$A$2:$A$4919,$A192) | G192: =INDEX('DETALLE CRONOLÓGICO'!$D$2:$D$4919,MATCH($A192,'DETALLE CRONOLÓGICO'!$A$2:$A$4919,0)) | H192: =INDEX('DETALLE CRONOLÓGICO'!$D$2:$D$4919,MATCH($A192,'DETALLE CRONOLÓGICO'!$A$2:$A$4919,0)+$E192-1) | I192: =IFERROR(SUMIFS('DETALLE CRONOLÓGICO'!$L$2:$L$4919,'DETALLE CRONOLÓGICO'!$A$2:$A$4919,$A192)/$F192,"") | J192: =IFERROR(SUMIFS('DETALLE CRONOLÓGICO'!$K$2:$K$4919,'DETALLE CRONOLÓGICO'!$A$2:$A$4919,$A192)/$E192,"") | K192: =_xlfn.MINIFS('DETALLE CRONOLÓGICO'!$K$2:$K$4919,'DETALLE CRONOLÓGICO'!$A$2:$A$4919,$A192) | L192: =_xlfn.MAXIFS('DETALLE CRONOLÓGICO'!$K$2:$K$4919,'DETALLE CRONOLÓGICO'!$A$2:$A$4919,$A192) | M192: =INDEX('DETALLE CRONOLÓGICO'!$K$2:$K$4919,MATCH($A192,'DETALLE CRONOLÓGICO'!$A$2:$A$4919,0)+$E192-1) | N192: =IFERROR($M192/INDEX('DETALLE CRONOLÓGICO'!$K$2:$K$4919,MATCH($A192,'DETALLE CRONOLÓGICO'!$A$2:$A$4919,0))-1,"") | O192: =IFERROR($I192*3,"") | P192: =IFERROR($I192*3.5,"") | Q192: =IFERROR($I192*4,"") | R192: 1199 | S192: 2 | T192: active | V192: SIN PRECIO
... A234: 21078752836941 | B234: ARRACADAS C GOLD ZIRCONIAS | C234: Default Title | D234: HAIFENG | E234: =COUNTIF('DETALLE CRONOLÓGICO'!$A$2:$A$4919,$A234) | F234: =SUMIFS('DETALLE CRONOLÓGICO'!$I$2:$I$4919,'DETALLE CRONOLÓGICO'!$A$2:$A$4919,$A234) | G234: =INDEX('DETALLE CRONOLÓGICO'!$D$2:$D$4919,MATCH($A234,'DETALLE CRONOLÓGICO'!$A$2:$A$4919,0)) | H234: =INDEX('DETALLE CRONOLÓGICO'!$D$2:$D$4919,MATCH($A234,'DETALLE CRONOLÓGICO'!$A$2:$A$4919,0)+$E234-1) | I234: =IFERROR(SUMIFS('DETALLE CRONOLÓGICO'!$L$2:$L$4919,'DETALLE CRONOLÓGICO'!$A$2:$A$4919,$A234)/$F234,"") | J234: =IFERROR(SUMIFS('DETALLE CRONOLÓGICO'!$K$2:$K$4919,'DETALLE CRONOLÓGICO'!$A$2:$A$4919,$A234)/$E234,"") | K234: =_xlfn.MINIFS('DETALLE CRONOLÓGICO'!$K$2:$K$4919,'DETALLE CRONOLÓGICO'!$A$2:$A$4919,$A234) | L234: =_xlfn.MAXIFS('DETALLE CRONOLÓGICO'!$K$2:$K$4919,'DETALLE CRONOLÓGICO'!$A$2:$A$4919,$A234) | M234: =INDEX('DETALLE CRONOLÓGICO'!$K$2:$K$4919,MATCH($A234,'DETALLE CRONOLÓGICO'!$A$2:$A$4919,0)+$E234-1) | N234: =IFERROR($M234/INDEX('DETALLE CRONOLÓGICO'!$K$2:$K$4919,MATCH($A234,'DETALLE CRONOLÓGICO'!$A$2:$A$4919,0))-1,"") | O234: =IFERROR($I234*3,"") | P234: =IFERROR($I234*3.5,"") | Q234: =IFERROR($I234*4,"") | R234: 620 | S234: 6 | T234: active | V234: SIN PRECIO
A235: 21120091008141 | C235: L | D235: ZOEY | E235: =COUNTIF('DETALLE CRONOLÓGICO'!$A$2:$A$4919,$A235) | F235: =SUMIFS('DETALLE CRONOLÓGICO'!$I$2:$I$4919,'DETALLE CRONOLÓGICO'!$A$2:$A$4919,$A235) | G235: =INDEX('DETALLE CRONOLÓGICO'!$D$2:$D$4919,MATCH($A235,'DETALLE CRONOLÓGICO'!$A$2:$A$4919,0)) | H235: =INDEX('DETALLE CRONOLÓGICO'!$D$2:$D$4919,MATCH($A235,'DETALLE CRONOLÓGICO'!$A$2:$A$4919,0)+$E235-1) | I235: =IFERROR(SUMIFS('DETALLE CRONOLÓGICO'!$L$2:$L$4919,'DETALLE CRONOLÓGICO'!$A$2:$A$4919,$A235)/$F235,"") | J235: =IFERROR(SUMIFS('DETALLE CRONOLÓGICO'!$K$2:$K$4919,'DETALLE CRONOLÓGICO'!$A$2:$A$4919,$A235)/$E235,"") | K235: =_xlfn.MINIFS('DETALLE CRONOLÓGICO'!$K$2:$K$4919,'DETALLE CRONOLÓGICO'!$A$2:$A$4919,$A235) | L235: =_xlfn.MAXIFS('DETALLE CRONOLÓGICO'!$K$2:$K$4919,'DETALLE CRONOLÓGICO'!$A$2:$A$4919,$A235) | M235: =INDEX('DETALLE CRONOLÓGICO'!$K$2:$K$4919,MATCH($A235,'DETALLE CRONOLÓGICO'!$A$2:$A$4919,0)+$E235-1) | N235: =IFERROR($M235/INDEX('DETALLE CRONOLÓGICO'!$K$2:$K$4919,MATCH($A235,'DETALLE CRONOLÓGICO'!$A$2:$A$4919,0))-1,"") | O235: =IFERROR($I235*3,"") | P235: =IFERROR($I235*3.5,"") | Q235: =IFERROR($I235*4,"") | R235: 2899 | S235: 0 | T235: active | V235: SIN PRECIO
A236: 21206411051949 | B236: ANILLO LOVE UNLIMITED ROSEGOLD | C236: 6 | D236: HAIFENG | E236: =COUNTIF('DETALLE CRONOLÓGICO'!$A$2:$A$4919,$A236) | F236: =SUMIFS('DETALLE CRONOLÓGICO'!$I$2:$I$4919,'DETALLE CRONOLÓGICO'!$A$2:$A$4919,$A236) | G236: =INDEX('DETALLE CRONOLÓGICO'!$D$2:$D$4919,MATCH($A236,'DETALLE CRONOLÓGICO'!$A$2:$A$4919,0)) | H236: =INDEX('DETALLE CRONOLÓGICO'!$D$2:$D$4919,MATCH($A236,'DETALLE CRONOLÓGICO'!$A$2:$A$4919,0)+$E236-1) | I236: =IFERROR(SUMIFS('DETALLE CRONOLÓGICO'!$L$2:$L$4919,'DETALLE CRONOLÓGICO'!$A$2:$A$4919,$A236)/$F236,"") | J236: =IFERROR(SUMIFS('DETALLE CRONOLÓGICO'!$K$2:$K$4919,'DETALLE CRONOLÓGICO'!$A$2:$A$4919,$A236)/$E236,"") | K236: =_xlfn.MINIFS('DETALLE CRONOLÓGICO'!$K$2:$K$4919,'DETALLE CRONOLÓGICO'!$A$2:$A$4919,$A236) | L236: =_xlfn.MAXIFS('DETALLE CRONOLÓGICO'!$K$2:$K$4919,'DETALLE CRONOLÓGICO'!$A$2:$A$4919,$A236) | M236: =INDEX('DETALLE CRONOLÓGICO'!$K$2:$K$4919,MATCH($A236,'DETALLE CRONOLÓGICO'!$A$2:$A$4919,0)+$E236-1) | N236: =IFERROR($M236/INDEX('DETALLE CRONOLÓGICO'!$K$2:$K$4919,MATCH($A236,'DETALLE CRONOLÓGICO'!$A$2:$A$4919,0))-1,"") | O236: =IFERROR($I236*3,"") | P236: =IFERROR($I236*3.5,"") | Q236: =IFERROR($I236*4,"") | R236: 550 | S236: 3 | T236: active | V236: SIN PRECIO
A237: 21206411184717 | B237: ANILLO LOVE UNLIMITED ROSEGOLD | C237: 7 | D237: HAIFENG | E237: =COUNTIF('DETALLE CRONOLÓGICO'!$A$2:$A$4919,$A237) | F237: =SUMIFS('DETALLE CRONOLÓGICO'!$I$2:$I$4919,'DETALLE CRONOLÓGICO'!$A$2:$A$4919,$A237) | G237: =INDEX('DETALLE CRONOLÓGICO'!$D$2:$D$4919,MATCH($A237,'DETALLE CRONOLÓGICO'!$A$2:$A$4919,0)) | H237: =INDEX('DETALLE CRONOLÓGICO'!$D$2:$D$4919,MATCH($A237,'DETALLE CRONOLÓGICO'!$A$2:$A$4919,0)+$E237-1) | I237: =IFERROR(SUMIFS('DETALLE CRONOLÓGICO'!$L$2:$L$4919,'DETALLE CRONOLÓGICO'!$A$2:$A$4919,$A237)/$F237,"") | J237: =IFERROR(SUMIFS('DETALLE CRONOLÓGICO'!$K$2:$K$4919,'DETALLE CRONOLÓGICO'!$A$2:$A$4919,$A237)/$E237,"") | K237: =_xlfn.MINIFS('DETALLE CRONOLÓGICO'!$K$2:$K$4919,'DETALLE CRONOLÓGICO'!$A$2:$A$4919,$A237) | L237: =_xlfn.MAXIFS('DETALLE CRONOLÓGICO'!$K$2:$K$4919,'DETALLE CRONOLÓGICO'!$A$2:$A$4919,$A237) | M237: =INDEX('DETALLE CRONOLÓGICO'!$K$2:$K$4919,MATCH($A237,'DETALLE CRONOLÓGICO'!$A$2:$A$4919,0)+$E237-1) | N237: =IFERROR($M237/INDEX('DETALLE CRONOLÓGICO'!$K$2:$K$4919,MATCH($A237,'DETALLE CRONOLÓGICO'!$A$2:$A$4919,0))-1,"") | O237: =IFERROR($I237*3,"") | P237: =IFERROR($I237*3.5,"") | Q237: =IFERROR($I237*4,"") | R237: 550 | S237: 3 | T237: active | V237: SIN PRECIO
A238: 21206411294893 | B238: ANILLO LOVE UNLIMITED GOLD | C238: 6 | D238: HAIFENG | E238: =COUNTIF('DETALLE CRONOLÓGICO'!$A$2:$A$4919,$A238) | F238: =SUMIFS('DETALLE CRONOLÓGICO'!$I$2:$I$4919,'DETALLE CRONOLÓGICO'!$A$2:$A$4919,$A238) | G238: =INDEX('DETALLE CRONOLÓGICO'!$D$2:$D$4919,MATCH($A238,'DETALLE CRONOLÓGICO'!$A$2:$A$4919,0)) | H238: =INDEX('DETALLE CRONOLÓGICO'!$D$2:$D$4919,MATCH($A238,'DETALLE CRONOLÓGICO'!$A$2:$A$4919,0)+$E238-1) | I238: =IFERROR(SUMIFS('DETALLE CRONOLÓGICO'!$L$2:$L$4919,'DETALLE CRONOLÓGICO'!$A$2:$A$4919,$A238)/$F238,"") | J238: =IFERROR(SUMIFS('DETALLE CRONOLÓGICO'!$K$2:$K$4919,'DETALLE CRONOLÓGICO'!$A$2:$A$4919,$A238)/$E238,"") | K238: =_xlfn.MINIFS('DETALLE CRONOLÓGICO'!$K$2:$K$4919,'DETALLE CRONOLÓGICO'!$A$2:$A$4919,$A238) | L238: =_xlfn.MAXIFS('DETALLE CRONOLÓGICO'!$K$2:$K$4919,'DETALLE CRONOLÓGICO'!$A$2:$A$4919,$A238) | M238: =INDEX('DETALLE CRONOLÓGICO'!$K$2:$K$4919,MATCH($A238,'DETALLE CRONOLÓGICO'!$A$2:$A$4919,0)+$E238-1) | N238: =IFERROR($M238/INDEX('DETALLE CRONOLÓGICO'!$K$2:$K$4919,MATCH($A238,'DETALLE CRONOLÓGICO'!$A$2:$A$4919,0))-1,"") | O238: =IFERROR($I238*3,"") | P238: =IFERROR($I238*3.5,"") | Q238: =IFERROR($I238*4,"") | R238: 550 | S238: 3 | T238: active | V238: SIN PRECIO
A239: 21206411327661 | B239: ANILLO LOVE UNLIMITED GOLD | C239: 7 | D239: HAIFENG | E239: =COUNTIF('DETALLE CRONOLÓGICO'!$A$2:$A$4919,$A239) | F239: =SUMIFS('DETALLE CRONOLÓGICO'!$I$2:$I$4919,'DETALLE CRONOLÓGICO'!$A$2:$A$4919,$A239) | G239: =INDEX('DETALLE CRONOLÓGICO'!$D$2:$D$4919,MATCH($A239,'DETALLE CRONOLÓGICO'!$A$2:$A$4919,0)) | H239: =INDEX('DETALLE CRONOLÓGICO'!$D$2:$D$4919,MATCH($A239,'DETALLE CRONOLÓGICO'!$A$2:$A$4919,0)+$E239-1) | I239: =IFERROR(SUMIFS('DETALLE CRONOLÓGICO'!$L$2:$L$4919,'DETALLE CRONOLÓGICO'!$A$2:$A$4919,$A239)/$F239,"") | J239: =IFERROR(SUMIFS('DETALLE CRONOLÓGICO'!$K$2:$K$4919,'DETALLE CRONOLÓGICO'!$A$2:$A$4919,$A239)/$E239,"") | K239: =_xlfn.MINIFS('DETALLE CRONOLÓGICO'!$K$2:$K$4919,'DETALLE CRONOLÓGICO'!$A$2:$A$4919,$A239) | L239: =_xlfn.MAXIFS('DETALLE CRONOLÓGICO'!$K$2:$K$4919,'DETALLE CRONOLÓGICO'!$A$2:$A$4919,$A239) | M239: =INDEX('DETALLE CRONOLÓGICO'!$K$2:$K$4919,MATCH($A239,'DETALLE CRONOLÓGICO'!$A$2:$A$4919,0)+$E239-1) | N239: =IFERROR($M239/INDEX('DETALLE CRONOLÓGICO'!$K$2:$K$4919,MATCH($A239,'DETALLE CRONOLÓGICO'!$A$2:$A$4919,0))-1,"") | O239: =IFERROR($I239*3,"") | P239: =IFERROR($I239*3.5,"") | Q239: =IFERROR($I239*4,"") | R239: 550 | S239: 5 | T239: active | V239: SIN PRECIO
A240: 21206411460429 | B240: ANILLO LOVE UNLIMITED GOLD | C240: 8 | D240: HAIFENG | E240: =COUNTIF('DETALLE CRONOLÓGICO'!$A$2:$A$4919,$A240) | F240: =SUMIFS('DETALLE CRONOLÓGICO'!$I$2:$I$4919,'DETALLE CRONOLÓGICO'!$A$2:$A$4919,$A240) | G240: =INDEX('DETALLE CRONOLÓGICO'!$D$2:$D$4919,MATCH($A240,'DETALLE CRONOLÓGICO'!$A$2:$A$4919,0)) | H240: =INDEX('DETALLE CRONOLÓGICO'!$D$2:$D$4919,MATCH($A240,'DETALLE CRONOLÓGICO'!$A$2:$A$4919,0)+$E240-1) | I240: =IFERROR(SUMIFS('DETALLE CRONOLÓGICO'!$L$2:$L$4919,'DETALLE CRONOLÓGICO'!$A$2:$A$4919,$A240)/$F240,"") | J240: =IFERROR(SUMIFS('DETALLE CRONOLÓGICO'!$K$2:$K$4919,'DETALLE CRONOLÓGICO'!$A$2:$A$4919,$A240)/$E240,"") | K240: =_xlfn.MINIFS('DETALLE CRONOLÓGICO'!$K$2:$K$4919,'DETALLE CRONOLÓGICO'!$A$2:$A$4919,$A240) | L240: =_xlfn.MAXIFS('DETALLE CRONOLÓGICO'!$K$2:$K$4919,'DETALLE CRONOLÓGICO'!$A$2:$A$4919,$A240) | M240: =INDEX('DETALLE CRONOLÓGICO'!$K$2:$K$4919,MATCH($A240,'DETALLE CRONOLÓGICO'!$A$2:$A$4919,0)+$E240-1) | N240: =IFERROR($M240/INDEX('DETALLE CRONOLÓGICO'!$K$2:$K$4919,MATCH($A240,'DETALLE CRONOLÓGICO'!$A$2:$A$4919,0))-1,"") | O240: =IFERROR($I240*3,"") | P240: =IFERROR($I240*3.5,"") | Q240: =IFERROR($I240*4,"") | R240: 550 | S240: 5 | T240: active | V240: SIN PRECIO
A241: 21206411515789 | B241: ANILLO LOVE UNLIMITED SILVER | C241: 6 | D241: HAIFENG | E241: =COUNTIF('DETALLE CRONOLÓGICO'!$A$2:$A$4919,$A241) | F241: =SUMIFS('DETALLE CRONOLÓGICO'!$I$2:$I$4919,'DETALLE CRONOLÓGICO'!$A$2:$A$4919,$A241) | G241: =INDEX('DETALLE CRONOLÓGICO'!$D$2:$D$4919,MATCH($A241,'DETALLE CRONOLÓGICO'!$A$2:$A$4919,0)) | H241: =INDEX('DETALLE CRONOLÓGICO'!$D$2:$D$4919,MATCH($A241,'DETALLE CRONOLÓGICO'!$A$2:$A$4919,0)+$E241-1) | I241: =IFERROR(SUMIFS('DETALLE CRONOLÓGICO'!$L$2:$L$4919,'DETALLE CRONOLÓGICO'!$A$2:$A$4919,$A241)/$F241,"") | J241: =IFERROR(SUMIFS('DETALLE CRONOLÓGICO'!$K$2:$K$4919,'DETALLE CRONOLÓGICO'!$A$2:$A$4919,$A241)/$E241,"") | K241: =_xlfn.MINIFS('DETALLE CRONOLÓGICO'!$K$2:$K$4919,'DETALLE CRONOLÓGICO'!$A$2:$A$4919,$A241) | L241: =_xlfn.MAXIFS('DETALLE CRONOLÓGICO'!$K$2:$K$4919,'DETALLE CRONOLÓGICO'!$A$2:$A$4919,$A241) | M241: =INDEX('DETALLE CRONOLÓGICO'!$K$2:$K$4919,MATCH($A241,'DETALLE CRONOLÓGICO'!$A$2:$A$4919,0)+$E241-1) | N241: =IFERROR($M241/INDEX('DETALLE CRONOLÓGICO'!$K$2:$K$4919,MATCH($A241,'DETALLE CRONOLÓGICO'!$A$2:$A$4919,0))-1,"") | O241: =IFERROR($I241*3,"") | P241: =IFERROR($I241*3.5,"") | Q241: =IFERROR($I241*4,"") | R241: 550 | S241: 2 | T241: active | V241: SIN PRECIO
A242: 21206421648557 | B242: ANILLO LOVE UNLIMITED SILVER | C242: 7 | D242: HAIFENG | E242: =COUNTIF('DETALLE CRONOLÓGICO'!$A$2:$A$4919,$A242) | F242: =SUMIFS('DETALLE CRONOLÓGICO'!$I$2:$I$4919,'DETALLE CRONOLÓGICO'!$A$2:$A$4919,$A242) | G242: =INDEX('DETALLE CRONOLÓGICO'!$D$2:$D$4919,MATCH($A242,'DETALLE CRONOLÓGICO'!$A$2:$A$4919,0)) | H242: =INDEX('DETALLE CRONOLÓGICO'!$D$2:$D$4919,MATCH($A242,'DETALLE CRONOLÓGICO'!$A$2:$A$4919,0)+$E242-1) | I242: =IFERROR(SUMIFS('DETALLE CRONOLÓGICO'!$L$2:$L$4919,'DETALLE CRONOLÓGICO'!$A$2:$A$4919,$A242)/$F242,"") | J242: =IFERROR(SUMIFS('DETALLE CRONOLÓGICO'!$K$2:$K$4919,'DETALLE CRONOLÓGICO'!$A$2:$A$4919,$A242)/$E242,"") | K242: =_xlfn.MINIFS('DETALLE CRONOLÓGICO'!$K$2:$K$4919,'DETALLE CRONOLÓGICO'!$A$2:$A$4919,$A242) | L242: =_xlfn.MAXIFS('DETALLE CRONOLÓGICO'!$K$2:$K$4919,'DETALLE CRONOLÓGICO'!$A$2:$A$4919,$A242) | M242: =INDEX('DETALLE CRONOLÓGICO'!$K$2:$K$4919,MATCH($A242,'DETALLE CRONOLÓGICO'!$A$2:$A$4919,0)+$E242-1) | N242: =IFERROR($M242/INDEX('DETALLE CRONOLÓGICO'!$K$2:$K$4919,MATCH($A242,'DETALLE CRONOLÓGICO'!$A$2:$A$4919,0))-1,"") | O242: =IFERROR($I242*3,"") | P242: =IFERROR($I242*3.5,"") | Q242: =IFERROR($I242*4,"") | R242: 357 | S242: 4 | T242: active | V242: SIN PRECIO
A243: 21206421781325 | B243: ANILLO LOVE UNLIMITED SILVER | C243: 8 | D243: HAIFENG | E243: =COUNTIF('DETALLE CRONOLÓGICO'!$A$2:$A$4919,$A243) | F243: =SUMIFS('DETALLE CRONOLÓGICO'!$I$2:$I$4919,'DETALLE CRONOLÓGICO'!$A$2:$A$4919,$A243) | G243: =INDEX('DETALLE CRONOLÓGICO'!$D$2:$D$4919,MATCH($A243,'DETALLE CRONOLÓGICO'!$A$2:$A$4919,0)) | H243: =INDEX('DETALLE CRONOLÓGICO'!$D$2:$D$4919,MATCH($A243,'DETALLE CRONOLÓGICO'!$A$2:$A$4919,0)+$E243-1) | I243: =IFERROR(SUMIFS('DETALLE CRONOLÓGICO'!$L$2:$L$4919,'DETALLE CRONOLÓGICO'!$A$2:$A$4919,$A243)/$F243,"") | J243: =IFERROR(SUMIFS('DETALLE CRONOLÓGICO'!$K$2:$K$4919,'DETALLE CRONOLÓGICO'!$A$2:$A$4919,$A243)/$E243,"") | K243: =_xlfn.MINIFS('DETALLE CRONOLÓGICO'!$K$2:$K$4919,'DETALLE CRONOLÓGICO'!$A$2:$A$4919,$A243) | L243: =_xlfn.MAXIFS('DETALLE CRONOLÓGICO'!$K$2:$K$4919,'DETALLE CRONOLÓGICO'!$A$2:$A$4919,$A243) | M243: =INDEX('DETALLE CRONOLÓGICO'!$K$2:$K$4919,MATCH($A243,'DETALLE CRONOLÓGICO'!$A$2:$A$4919,0)+$E243-1) | N243: =IFERROR($M243/INDEX('DETALLE CRONOLÓGICO'!$K$2:$K$4919,MATCH($A243,'DETALLE CRONOLÓGICO'!$A$2:$A$4919,0))-1,"") | O243: =IFERROR($I243*3,"") | P243: =IFERROR($I243*3.5,"") | Q243: =IFERROR($I243*4,"") | R243: 550 | S243: 4 | T243: active | V243: SIN PRECIO
A244: 21605761269037 | B244: ANILLO BACK SOON T ROSE GOLD | C244: 5 | D244: HAIFENG | E244: =COUNTIF('DETALLE CRONOLÓGICO'!$A$2:$A$4919,$A244) | F244: =SUMIFS('DETALLE CRONOLÓGICO'!$I$2:$I$4919,'DETALLE CRONOLÓGICO'!$A$2:$A$4919,$A244) | G244: =INDEX('DETALLE CRONOLÓGICO'!$D$2:$D$4919,MATCH($A244,'DETALLE CRONOLÓGICO'!$A$2:$A$4919,0)) | H244: =INDEX('DETALLE CRONOLÓGICO'!$D$2:$D$4919,MATCH($A244,'DETALLE CRONOLÓGICO'!$A$2:$A$4919,0)+$E244-1) | I244: =IFERROR(SUMIFS('DETALLE CRONOLÓGICO'!$L$2:$L$4919,'DETALLE CRONOLÓGICO'!$A$2:$A$4919,$A244)/$F244,"") | J244: =IFERROR(SUMIFS('DETALLE CRONOLÓGICO'!$K$2:$K$4919,'DETALLE CRONOLÓGICO'!$A$2:$A$4919,$A244)/$E244,"") | K244: =_xlfn.MINIFS('DETALLE CRONOLÓGICO'!$K$2:$K$4919,'DETALLE CRONOLÓGICO'!$A$2:$A$4919,$A244) | L244: =_xlfn.MAXIFS('DETALLE CRONOLÓGICO'!$K$2:$K$4919,'DETALLE CRONOLÓGICO'!$A$2:$A$4919,$A244) | M244: =INDEX('DETALLE CRONOLÓGICO'!$K$2:$K$4919,MATCH($A244,'DETALLE CRONOLÓGICO'!$A$2:$A$4919,0)+$E244-1) | N244: =IFERROR($M244/INDEX('DETALLE CRONOLÓGICO'!$K$2:$K$4919,MATCH($A244,'DETALLE CRONOLÓGICO'!$A$2:$A$4919,0))-1,"") | O244: =IFERROR($I244*3,"") | P244: =IFERROR($I244*3.5,"") | Q244: =IFERROR($I244*4,"") | R244: 400 | S244: 2 | T244: active | V244: SIN PRECIO
A245: 21605771301805 | B245: ANILLO BACK SOON T ROSE GOLD | C245: 6 | D245: HAIFENG | E245: =COUNTIF('DETALLE CRONOLÓGICO'!$A$2:$A$4919,$A245) | F245: =SUMIFS('DETALLE CRONOLÓGICO'!$I$2:$I$4919,'DETALLE CRONOLÓGICO'!$A$2:$A$4919,$A245) | G245: =INDEX('DETALLE CRONOLÓGICO'!$D$2:$D$4919,MATCH($A245,'DETALLE CRONOLÓGICO'!$A$2:$A$4919,0)) | H245: =INDEX('DETALLE CRONOLÓGICO'!$D$2:$D$4919,MATCH($A245,'DETALLE CRONOLÓGICO'!$A$2:$A$4919,0)+$E245-1) | I245: =IFERROR(SUMIFS('DETALLE CRONOLÓGICO'!$L$2:$L$4919,'DETALLE CRONOLÓGICO'!$A$2:$A$4919,$A245)/$F245,"") | J245: =IFERROR(SUMIFS('DETALLE CRONOLÓGICO'!$K$2:$K$4919,'DETALLE CRONOLÓGICO'!$A$2:$A$4919,$A245)/$E245,"") | K245: =_xlfn.MINIFS('DETALLE CRONOLÓGICO'!$K$2:$K$4919,'DETALLE CRONOLÓGICO'!$A$2:$A$4919,$A245) | L245: =_xlfn.MAXIFS('DETALLE CRONOLÓGICO'!$K$2:$K$4919,'DETALLE CRONOLÓGICO'!$A$2:$A$4919,$A245) | M245: =INDEX('DETALLE CRONOLÓGICO'!$K$2:$K$4919,MATCH($A245,'DETALLE CRONOLÓGICO'!$A$2:$A$4919,0)+$E245-1) | N245: =IFERROR($M245/INDEX('DETALLE CRONOLÓGICO'!$K$2:$K$4919,MATCH($A245,'DETALLE CRONOLÓGICO'!$A$2:$A$4919,0))-1,"") | O245: =IFERROR($I245*3,"") | P245: =IFERROR($I245*3.5,"") | Q245: =IFERROR($I245*4,"") | R245: 400 | S245: 2 | T245: active | V245: SIN PRECIO
...

Sheet DETALLE CRONOLÓGICO
A1: SKU | B1: PRODUCTO | C1: VARIANTE | D1: FECHA | E1: AÑO | F1: MES | G1: PROVEEDOR | H1: ORDEN DE COMPRA | I1: PIEZAS | J1: COSTO UNIT USD | K1: COSTO UNIT TOTAL MXN | L1: COSTO x PIEZAS (MXN) | M1: ROAS 4 DE ESA ORDEN | N1: PRECIO QUE TENÍA EN ESA ORDEN
A2: 10065591041229 | B2: TRAJE DE BAÑO COMPLETO TRIOMPHE | C2: M | D2: 19/03/2026 | E2: 2026 | F2: MARZO | G2: ZOEY | H2: ZOEY 19/03/2026 | I2: 2 | J2: 25 | K2: 644.55124 | L2: =I2*K2 | M2: =K2*4 | N2: 2499
A3: 10065591041229 | B3: TRAJE DE BAÑO COMPLETO TRIOMPHE | C3: M | D3: 08/06/2026 | E3: 2026 | F3: JUNIO | G3: ZOEY | H3: ZOEY 08/06/2026 | I3: 2 | J3: 25 | K3: 612.78591 | L3: =I3*K3 | M3: =K3*4 | N3: 2499
A4: 10065591106765 | B4: TRAJE DE BAÑO C TRIOMPHE ALL BLACK | C4: M | D4: 19/03/2026 | E4: 2026 | F4: MARZO | G4: ZOEY | H4: ZOEY 19/03/2026 | I4: 2 | J4: 25 | K4: 644.55124 | L4: =I4*K4 | M4: =K4*4 | N4: 2579
A5: 10065591251949 | B5: TRAJE DE BAÑO GC PINK | C5: M | D5: 19/03/2026 | E5: 2026 | F5: MARZO | G5: ZOEY | H5: ZOEY 19/03/2026 | I5: 2 | J5: 25 | K5: 644.55124 | L5: =I5*K5 | M5: =K5*4 | N5: 2579
A6: 10065591348557 | B6: TRAJE DE BAÑO COMPLETO CD | C6: M | D6: 19/03/2026 | E6: 2026 | F6: MARZO | G6: ZOEY | H6: ZOEY 19/03/2026 | I6: 2 | J6: 25 | K6: 644.55124 | L6: =I6*K6 | M6: =K6*4 | N6: 2579
A7: 10132411046285 | B7: SANDALIAS CD DIORACT BLACK | C7: 38/25mx | D7: 27/04/2026 | E7: 2026 | F7: ABRIL | G7: DINA DU | H7: DINA DU 27/04/2026 | I7: 2 | J7: 35 | K7: 946.55095 | L7: =I7*K7 | M7: =K7*4 | N7: 3789
A8: 10132411116909 | B8: BOLSO CD SADDLE ALL BLACK | C8: Default Title | D8: 27/04/2026 | E8: 2026 | F8: ABRIL | G8: DINA DU | H8: DINA DU 27/04/2026 | I8: 2 | J8: 63 | K8: 1703.7917 | L8: =I8*K8 | M8: =K8*4 | N8: 5999
A9: 10132411251373 | B9: BOLSO CD BOW BURGUNDY | C9: Default Title | D9: 27/04/2026 | E9: 2026 | F9: ABRIL | G9: DINA DU | H9: DINA DU 27/04/2026 | I9: 3 | J9: 71 | K9: 1920.1462 | L9: =I9*K9 | M9: =K9*4 | N9: 6720.51
A10: 10132411318605 | B10: BOLSO CD BOW BLACK | C10: Default Title | D10: 27/04/2026 | E10: 2026 | F10: ABRIL | G10: DINA DU | H10: DINA DU 27/04/2026 | I10: 3 | J10: 71 | K10: 1920.1462 | L10: =I10*K10 | M10: =K10*4 | N10: 6720.51
A11: 10132411463245 | B11: GORRO F LOGOS | C11: Default Title | D11: 27/04/2026 | E11: 2026 | F11: ABRIL | G11: DINA DU | H11: DINA DU 27/04/2026 | I11: 2 | J11: 10 | K11: 270.44313 | L11: =I11*K11 | M11: =K11*4 | N11: 1089
A12: 10132411501101 | B12: CARTERA F GRAPHY WHITE | C12: Default Title | D12: 27/04/2026 | E12: 2026 | F12: ABRIL | G12: DINA DU | H12: DINA DU 27/04/2026 | I12: 2 | J12: 52 | K12: 1406.3043 | L12: =I12*K12 | M12: =K12*4 | N12: 4300
A13: 10132411606189 | B13: CARTERA F BAGUETTE MINI | C13: Default Title | D13: 27/04/2026 | E13: 2026 | F13: ABRIL | G13: DINA DU | H13: DINA DU 27/04/2026 | I13: 2 | J13: 75 | K13: 2028.3235 | L13: =I13*K13 | M13: =K13*4 | N13: 6500
... A19: 10427542282892 | B19: RELOJ SANTOS SILVER | C19: 34mm Mujer Con Caja | D19: 08/06/2026 | E19: 2026 | F19: JUNIO | G19: ZOEY | H19: ZOEY 08/06/2026 | I19: 3 | J19: 68 | K19: 1666.7777 | L19: =I19*K19 | M19: =K19*4 | N19: 6699
A20: 10427542282893 | C20: 39mm Hombre Con Caja | D20: 02/10/2025 | E20: 2025 | F20: OCTUBRE | G20: ZOEY | H20: ZOEY 02/10/2025 | I20: 5 | J20: 68 | K20: 1606.4276 | L20: =I20*K20 | M20: =K20*4 | N20: 5650
A21: 10427542282893 | B21: RELOJ SANTOS SILVER | C21: women | D21: 25/10/2025 | E21: 2025 | F21: OCTUBRE | G21: ZOEY | H21: ZOEY 25/10/2025 | I21: 4 | J21: 58 | K21: 1438.4063 | L21: =I21*K21 | M21: =K21*4 | N21: 5650
A22: 10427542282893 | B22: RELOJ SANTOS SILVER | C22: 39mm Hombre Con Caja | D22: 08/06/2026 | E22: 2026 | F22: JUNIO | G22: ZOEY | H22: ZOEY 08/06/2026 | I22: 3 | J22: 68 | K22: 1666.7777 | L22: =I22*K22 | M22: =K22*4 | N22: 6699
A23: 10473111097537 | B23: PULSERA DE CUENTAS ROSEGOLD | C23: 17cm | D23: 01/09/2025 | E23: 2025 | F23: SEPTIEMBRE | G23: ZOEY | H23: ZOEY 01/09/2025 | I23: 4 | J23: 9 | K23: 226.0606 | L23: =I23*K23 | M23: =K23*4 | N23: 750
A24: 10473111097537 | B24: PULSERA DE CUENTAS ROSEGOLD | C24: 17cm | D24: 25/10/2025 | E24: 2025 | F24: OCTUBRE | G24: ZOEY | H24: ZOEY 25/10/2025 | I24: 8 | J24: 9 | K24: 223.20098 | L24: =I24*K24 | M24: =K24*4 | N24: 750
A25: 10473111097537 | B25: PULSERA DE CUENTAS ROSEGOLD | C25: 17cm | D25: 20/01/2026 | E25: 2026 | F25: ENERO | G25: ZOEY | H25: ZOEY 20/01/2026 | I25: 2 | J25: 9 | K25: 234.28439 | L25: =I25*K25 | M25: =K25*4 | N25: 899
A26: 10473111097537 | B26: PULSERA DE CUENTAS ROSEGOLD | C26: 17cm | D26: 02/03/2026 | E26: 2026 | F26: MARZO | G26: ZOEY | H26: ZOEY 02/03/2026 | I26: 2 | J26: 6 | K26: 157.66185 | L26: =I26*K26 | M26: =K26*4 | N26: 899
A27: 10473111097537 | B27: PULSERA DE CUENTAS ROSEGOLD | C27: 17cm | D27: 08/06/2026 | E27: 2026 | F27: JUNIO | G27: ZOEY | H27: ZOEY 08/06/2026 | I27: 6 | J27: 9 | K27: 220.60293 | L27: =I27*K27 | M27: =K27*4 | N27: 899
A28: 10717801055213 | B28: ANILLO CD ZIRCONIAS GOLD-BLACK | C28: 7 | D28: 20/01/2026 | E28: 2026 | F28: ENERO | G28: HAIFENG | H28: HAIFENG 20/01/2026 | I28: 1 | J28: 9.5 | K28: 201.40397 | L28: =I28*K28 | M28: =K28*4 | N28: 790.5
A29: 10717801055213 | C29: 7 | D29: 10/02/2026 | E29: 2026 | F29: FEBRERO | G29: HAIFENG | H29: HAIFENG 10/02/2026 | I29: 2 | J29: 9.5 | K29: 200.15071 | L29: =I29*K29 | M29: =K29*4 | N29: 790.5
A30: 10956321024557 | B30: ANILLO BV BUMPS GOLD ZIRCONIAS-6 | C30: 6 | D30: 25/09/2025 | E30: 2025 | F30: SEPTIEMBRE | G30: HAIFENG | H30: HAIFENG 25/09/2025 | I30: 2 | J30: 10 | K30: 210.96886 | L30: =I30*K30 | M30: =K30*4 | N30: 999
A31: 10956321024557 | B31: ANILLO BV BUMPS GOLD ZIRCONIAS | C31: 6 | D31: 11/03/2026 | E31: 2026 | F31: MARZO | G31: HAIFENG | H31: HAIFENG 11/03/2026 | I31: 2 | J31: 11 | K31: 234.34286 | L31: =I31*K31 | M31: =K31*4 | N31: 999
A32: 10956321157325 | B32: ANILLO BV BUMPS GOLD ZIRCONIAS.7 | C32: 7 | D32: 25/09/2025 | E32: 2025 | F32: SEPTIEMBRE | G32: HAIFENG | H32: HAIFENG 25/09/2025 | I32: 2 | J32: 10 | K32: 210.96886 | L32: =I32*K32 | M32: =K32*4 | N32: 999
A33: 10956321157325 | C33: 7 | D33: 10/02/2026 | E33: 2026 | F33: FEBRERO | G33: HAIFENG | H33: HAIFENG 10/02/2026 | I33: 2 | J33: 11 | K33: 231.75346 | L33: =I33*K33 | M33: =K33*4 | N33: 999
A34: 10956321157325 | B34: ANILLO BV BUMPS GOLD ZIRCONIAS | C34: 7 | D34: 06/05/2026 | E34: 2026 | F34: MAYO | G34: HAIFENG | H34: HAIFENG 06/05/2026 | I34: 2 | J34: 12 | K34: 254.62371 | L34: =I34*K34 | M34: =K34*4 | N34: 999
A35: 10956321291309 | B35: ANILLO BV BUMPS SILVER ZIRCONIAS-6 | C35: 6 | D35: 25/09/2025 | E35: 2025 | F35: SEPTIEMBRE | G35: HAIFENG | H35: HAIFENG 25/09/2025 | I35: 2 | J35: 10 | K35: 210.96886 | L35: =I35*K35 | M35: =K35*4 | N35: 850
A36: 10956321324077 | B36: ANILLO BV BUMPS SILVER ZIRCONIAS-7 | C36: 7 | D36: 25/09/2025 | E36: 2025 | F36: SEPTIEMBRE | G36: HAIFENG | H36: HAIFENG 25/09/2025 | I36: 2 | J36: 10 | K36: 210.96886 | L36: =I36*K36 | M36: =K36*4 | N36: 850
A37: 10956321324077 | B37: ANILLO BV BUMPS SILVER ZIRCONIAS | C37: 7 | D37: 16/04/2026 | E37: 2026 | F37: ABRIL | G37: HAIFENG | H37: HAIFENG 16/04/2026 | I37: 1 | J37: 10 | K37: 210.31474 | L37: =I37*K37 | M37: =K37*4 | N37: 850
A38: 11078751761037 | B38: COLLAR C GOLD ZIRCONIAS | C38: Default Title | D38: 22/10/2025 | E38: 2025 | F38: OCTUBRE | G38: HAIFENG | H38: HAIFENG 22/10/2025 | I38: 2 | J38: 5.99 | K38: 126.55829 | L38: =I38*K38 | M38: =K38*4 | N38: 550
A39: 11078751761037 | B39: COLLAR C GOLD ZIRCONIAS | C39: Default Title | D39: 10/02/2026 | E39: 2026 | F39: FEBRERO | G39: HAIFENG | H39: HAIFENG 10/02/2026 | I39: 3 | J39: 5.99 | K39: 126.20029 | L39: =I39*K39 | M39: =K39*4 | N39: 550
A40: 11078751761037 | B40: COLLAR C GOLD ZIRCONIAS | C40: Default Title | D40: 16/04/2026 | E40: 2026 | F40: ABRIL | G40: HAIFENG | H40: HAIFENG 16/04/2026 | I40: 8 | J40: 5.99 | K40: 125.97853 | L40: =I40*K40 | M40: =K40*4 | N40: 550
A41: 11078751761037 | B41: COLLAR C GOLD ZIRCONIAS | C41: Default Title | D41: 26/05/2026 | E41: 2026 | F41: MAYO | G41: HAIFENG | H41: HAIFENG 26/05/2026 | I41: 5 | J41: 5.99 | K41: 125.72588 | L41: =I41*K41 | M41: =K41*4 | N41: 550
A42: 11078751910221 | B42: ARETES C GOLD ZIRCONIAS | C42: Default Title | D42: 22/10/2025 | E42: 2025 | F42: OCTUBRE | G42: HAIFENG | H42: HAIFENG 22/10/2025 | I42: 3 | J42: 5.99 | K42: 126.55829 | L42: =I42*K42 | M42: =K42*4 | N42: 575
A43: 11078751910221 | B43: ARETES C GOLD ZIRCONIAS | C43: Default Title | D43: 20/01/2026 | E43: 2026 | F43: ENERO | G43: HAIFENG | H43: HAIFENG 20/01/2026 | I43: 3 | J43: 5.99 | K43: 126.9905 | L43: =I43*K43 | M43: =K43*4 | N43: 575
A44: 11078751910221 | B44: ARETES C GOLD ZIRCONIAS | C44: Default Title | D44: 10/02/2026 | E44: 2026 | F44: FEBRERO | G44: HAIFENG | H44: HAIFENG 10/02/2026 | I44: 3 | J44: 5.99 | K44: 126.20029 | L44: =I44*K44 | M44: =K44*4 | N44: 575
A45: 11078751910221 | B45: ARETES C GOLD ZIRCONIAS | C45: Default Title | D45: 16/04/2026 | E45: 2026 | F45: ABRIL | G45: HAIFENG | H45: HAIFENG 16/04/2026 | I45: 7 | J45: 5.99 | K45: 125.97853 | L45: =I45*K45 | M45: =K45*4 | N45: 575
A46: 11078751910221 | B46: ARETES C GOLD ZIRCONIAS | C46: Default Title | D46: 26/05/2026 | E46: 2026 | F46: MAYO | G46: HAIFENG | H46: HAIFENG 26/05/2026 | I46: 3 | J46: 5.99 | K46: 125.72588 | L46: =I46*K46 | M46: =K46*4 | N46: 575
A47: 11078752382541 | B47: ARETES C GOLD PEARL | C47: Default Title | D47: 22/10/2025 | E47: 2025 | F47: OCTUBRE | G47: HAIFENG | H47: HAIFENG 22/10/2025 | I47: 2 | J47: 5.99 | K47: 126.55829 | L47: =I47*K47 | M47: =K47*4 | N47: 499
A48: 11078752382541 | B48: ARETES C GOLD PEARL | C48: Default Title | D48: 20/01/2026 | E48: 2026 | F48: ENERO | G48: HAIFENG | H48: HAIFENG 20/01/2026 | I48: 5 | J48: 5.99 | K48: 126.9905 | L48: =I48*K48 | M48: =K48*4 | N48: 499
... A58: 11915820343339 | B58: LENTES MM HAVANA | C58: Default Title | D58: 31/05/2026 | E58: 2026 | F58: MAYO | G58: CYNTHIA | H58: CYNTHIA 31/05/2026 | I58: 4 | J58: 27 | K58: 715.52821 | L58: =I58*K58 | M58: =K58*4 | N58: 2899
A59: 11915825730987 | B59: TRAJE DE BAÑO C | C59: M | D59: 19/03/2026 | E59: 2026 | F59: MARZO | G59: CYNTHIA | H59: CYNTHIA 19/03/2026 | I59: 1 | J59: 32 | K59: 859.43731 | L59: =I59*K59 | M59: =K59*4
A60: 11915825763755 | B60: TRAJE DE BAÑO C | C60: L | D60: 27/04/2026 | E60: 2026 | F60: ABRIL | G60: CYNTHIA | H60: CYNTHIA 27/04/2026 | I60: 3 | J60: 32 | K60: 830.40296 | L60: =I60*K60 | M60: =K60*4 | N60: 1099
A61: 11915826071979 | B61: LENTES LV EVIDENCE | C61: HIGH QUALITY | D61: 05/09/2025 | E61: 2025 | F61: SEPTIEMBRE | G61: CYNTHIA | H61: CYNTHIA 05/09/2025 | I61: 4 | J61: 9 | K61: 226.61187 | L61: =I61*K61 | M61: =K61*4 | N61: 860
A62: 11915826071979 | B62: LENTES LV EVIDENCE | C62: HIGH QUALITY | D62: 07/01/2026 | E62: 2026 | F62: ENERO | G62: CYNTHIA | H62: CYNTHIA 07/01/2026 | I62: 3 | J62: 9 | K62: 239.28685 | L62: =I62*K62 | M62: =K62*4 | N62: 955
A63: 11915826071979 | B63: LENTES LV EVIDENCE | C63: HIGH QUALITY | D63: 19/03/2026 | E63: 2026 | F63: MARZO | G63: CYNTHIA | H63: CYNTHIA 19/03/2026 | I63: 5 | J63: 9 | K63: 241.71674 | L63: =I63*K63 | M63: =K63*4 | N63: 955
A64: 11915826071979 | B64: LENTES LV EVIDENCE | C64: HIGH QUALITY | D64: 31/05/2026 | E64: 2026 | F64: MAYO | G64: CYNTHIA | H64: CYNTHIA 31/05/2026 | I64: 1 | J64: 9 | K64: 238.5094 | L64: =I64*K64 | M64: =K64*4 | N64: 955
A65: 11915826071979 | B65: LENTES LV EVIDENCE | C65: HIGH QUALITY | D65: 31/05/2026 | E65: 2026 | F65: MAYO | G65: CYNTHIA | H65: CYNTHIA 31/05/2026 | I65: 2 | J65: 9 | K65: 238.5094 | L65: =I65*K65 | M65: =K65*4 | N65: 955
A66: 11915826071979 | B66: LENTES LV EVIDENCE | C66: HIGH QUALITY | D66: 31/05/2026 | E66: 2026 | F66: MAYO | G66: CYNTHIA | H66: CYNTHIA 31/05/2026 | I66: 5 | J66: 9 | K66: 238.5094 | L66: =I66*K66 | M66: =K66*4 | N66: 955
A67: 11915828032299 | B67: BOLSO DE VIAJE G BOWLING 55 GREEN | C67: Default Title | D67: 31/05/2026 | E67: 2026 | F67: MAYO | G67: CYNTHIA | H67: CYNTHIA 31/05/2026 | I67: 2 | J67: 75 | K67: 1987.5784 | L67: =I67*K67 | M67: =K67*4 | N67: 7999
A68: 11915828105387 | B68: TRAJE DE BAÑO V | C68: M | D68: 05/09/2025 | E68: 2025 | F68: SEPTIEMBRE | G68: CYNTHIA | H68: CYNTHIA 05/09/2025 | I68: 2 | J68: 9.8 | K68: 246.75515 | L68: =I68*K68 | M68: =K68*4 | N68: 1099
A69: 11915828105387 | B69: TRAJE DE BAÑO V | C69: M | D69: 19/03/2026 | E69: 2026 | F69: MARZO | G69: CYNTHIA | H69: CYNTHIA 19/03/2026 | I69: 2 | J69: 10.8 | K69: 290.06009 | L69: =I69*K69 | M69: =K69*4 | N69: 1149
A70: 11915828105387 | B70: TRAJE DE BAÑO V | C70: M | D70: 27/04/2026 | E70: 2026 | F70: ABRIL | G70: CYNTHIA | H70: CYNTHIA 27/04/2026 | I70: 5 | J70: 10.8 | K70: 280.261 | L70: =I70*K70 | M70: =K70*4 | N70: 1149
A71: 11915828138155 | B71: TRAJE DE BAÑO V | C71: L | D71: 05/09/2025 | E71: 2025 | F71: SEPTIEMBRE | G71: CYNTHIA | H71: CYNTHIA 05/09/2025 | I71: 1 | J71: 9.8 | K71: 246.75515 | L71: =I71*K71 | M71: =K71*4 | N71: 1099
... A90: 12314361469741 | B90: ARETES F FILO GOLD | C90: Default Title | D90: 26/05/2026 | E90: 2026 | F90: MAYO | G90: HAIFENG | H90: HAIFENG 26/05/2026 | I90: 2 | J90: 7.99 | K90: 167.70447 | L90: =I90*K90 | M90: =K90*4 | N90: 699
A91: 12314361504205 | B91: ANILLO F SILVER ZIRCONIAS | C91: 8 | D91: 22/10/2025 | E91: 2025 | F91: OCTUBRE | G91: HAIFENG | H91: HAIFENG 22/10/2025 | I91: 2 | J91: 7 | K91: 147.89783 | L91: =I91*K91 | M91: =K91*4 | N91: 404
A92: 12314361504205 | B92: ANILLO F SILVER ZIRCONIAS | C92: 8 | D92: 16/06/2026 | E92: 2026 | F92: JUNIO | G92: HAIFENG | H92: HAIFENG 16/06/2026 | I92: 2 | J92: 7 | K92: 147.10225 | L92: =I92*K92 | M92: =K92*4 | N92: 404
A93: 12314361636973 | B93: ANILLO F SILVER ZIRCONIAS | C93: 9 | D93: 22/10/2025 | E93: 2025 | F93: OCTUBRE | G93: HAIFENG | H93: HAIFENG 22/10/2025 | I93: 2 | J93: 7 | K93: 147.89783 | L93: =I93*K93 | M93: =K93*4 | N93: 404
A94: 12314361740365 | B94: COLLAR F GOLD ZIRCONIAS | C94: Default Title | D94: 22/10/2025 | E94: 2025 | F94: OCTUBRE | G94: HAIFENG | H94: HAIFENG 22/10/2025 | I94: 2 | J94: 8 | K94: 169.0261 | L94: =I94*K94 | M94: =K94*4 | N94: 660
A95: 12314361740365 | B95: COLLAR F GOLD ZIRCONIAS | C95: Default Title | D95: 20/01/2026 | E95: 2026 | F95: ENERO | G95: HAIFENG | H95: HAIFENG 20/01/2026 | I95: 4 | J95: 8 | K95: 169.60334 | L95: =I95*K95 | M95: =K95*4 | N95: 660
A96: 12314361740365 | B96: COLLAR F GOLD ZIRCONIAS | C96: Default Title | D96: 10/02/2026 | E96: 2026 | F96: FEBRERO | G96: HAIFENG | H96: HAIFENG 10/02/2026 | I96: 2 | J96: 8 | K96: 168.54797 | L96: =I96*K96 | M96: =K96*4 | N96: 660
A97: 12314361978221 | B97: ARETES F SILVER ZIRCONIAS | C97: Default Title | D97: 22/10/2025 | E97: 2025 | F97: OCTUBRE | G97: HAIFENG | H97: HAIFENG 22/10/2025 | I97: 2 | J97: 7 | K97: 147.89783 | L97: =I97*K97 | M97: =K97*4 | N97: 580
A98: 12314361978221 | B98: ARETES F SILVER ZIRCONIAS | C98: Default Title | D98: 20/01/2026 | E98: 2026 | F98: ENERO | G98: HAIFENG | H98: HAIFENG 20/01/2026 | I98: 2 | J98: 7 | K98: 148.40292 | L98: =I98*K98 | M98: =K98*4 | N98: 580
A99: 12314361978221 | B99: ARETES F SILVER ZIRCONIAS | C99: Default Title | D99: 10/02/2026 | E99: 2026 | F99: FEBRERO | G99: HAIFENG | H99: HAIFENG 10/02/2026 | I99: 2 | J99: 7 | K99: 147.47947 | L99: =I99*K99 | M99: =K99*4 | N99: 580
A100: 12314361978221 | B100: ARETES F SILVER ZIRCONIAS | C100: Default Title | D100: 16/06/2026 | E100: 2026 | F100: JUNIO | G100: HAIFENG | H100: HAIFENG 16/06/2026 | I100: 2 | J100: 7 | K100: 147.10225 | L100: =I100*K100 | M100: =K100*4 | N100: 580
A101: 12314362081613 | B101: ARETES F GOLD ZIRCONIAS | C101: Default Title | D101: 22/10/2025 | E101: 2025 | F101: OCTUBRE | G101: HAIFENG | H101: HAIFENG 22/10/2025 | I101: 2 | J101: 7 | K101: 147.89783 | L101: =I101*K101 | M101: =K101*4 | N101: 580
A102: 12314362081613 | B102: ARETES F GOLD ZIRCONIAS | C102: Default Title | D102: 20/01/2026 | E102: 2026 | F102: ENERO | G102: HAIFENG | H102: HAIFENG 20/01/2026 | I102: 2 | J102: 7 | K102: 148.40292 | L102: =I102*K102 | M102: =K102*4 | N102: 580
A103: 12314362081613 | B103: ARETES F GOLD ZIRCONIAS | C103: Default Title | D103: 10/02/2026 | E103: 2026 | F103: FEBRERO | G103: HAIFENG | H103: HAIFENG 10/02/2026 | I103: 1 | J103: 7 | K103: 147.47947 | L103: =I103*K103 | M103: =K103*4 | N103: 580
A104: 12314362081613 | B104: ARETES F GOLD ZIRCONIAS | C104: Default Title | D104: 16/04/2026 | E104: 2026 | F104: ABRIL | G104: HAIFENG | H104: HAIFENG 16/04/2026 | I104: 1 | J104: 7 | K104: 147.22032 | L104: =I104*K104 | M104: =K104*4 | N104: 580
A105: 12314362081613 | B105: ARETES F GOLD ZIRCONIAS | C105: Default Title | D105: 16/06/2026 | E105: 2026 | F105: JUNIO | G105: HAIFENG | H105: HAIFENG 16/06/2026 | I105: 2 | J105: 7 | K105: 147.10225 | L105: =I105*K105 | M105: =K105*4 | N105: 580
... A120: 12314362665261 | B120: BRAZALETE F GOLD ZIRCONIAS | C120: 0.5 cm | D120: 10/02/2026 | E120: 2026 | F120: FEBRERO | G120: HAIFENG | H120: HAIFENG 10/02/2026 | I120: 1 | J120: 10 | K120: 210.68496 | L120: =I120*K120 | M120: =K120*4 | N120: 840
A121: 12314362703117 | B121: ANILLO F GOLD ZIRCONIAS | C121: 6 | D121: 22/10/2025 | E121: 2025 | F121: OCTUBRE | G121: HAIFENG | H121: HAIFENG 22/10/2025 | I121: 2 | J121: 7 | K121: 147.89783 | L121: =I121*K121 | M121: =K121*4 | N121: 576.8
A122: 12314362703117 | B122: ANILLO F GOLD ZIRCONIAS | C122: 6 | D122: 11/03/2026 | E122: 2026 | F122: MARZO | G122: HAIFENG | H122: HAIFENG 11/03/2026 | I122: 2 | J122: 7 | K122: 149.12727 | L122: =I122*K122 | M122: =K122*4 | N122: 576.8
A123: 12314362835885 | B123: ANILLO F GOLD ZIRCONIAS | C123: 7 | D123: 16/06/2026 | E123: 2026 | F123: JUNIO | G123: HAIFENG | H123: HAIFENG 16/06/2026 | I123: 2 | J123: 7 | K123: 147.10225 | L123: =I123*K123 | M123: =K123*4 | N123: 576.8
A124: 12314363483981 | B124: PULSERA F LOGOS GOLD-BLACK | C124: HIGH QUALITY | D124: 22/10/2025 | E124: 2025 | F124: OCTUBRE | G124: HAIFENG | H124: HAIFENG 22/10/2025 | I124: 3 | J124: 12 | K124: 253.53914 | L124: =I124*K124 | M124: =K124*4 | N124: 988
A125: 12314363483981 | B125: PULSERA F LOGOS GOLD-BLACK | C125: Default Title | D125: 20/01/2026 | E125: 2026 | F125: ENERO | G125: HAIFENG | H125: HAIFENG 20/01/2026 | I125: 4 | J125: 10 | K125: 212.00418 | L125: =I125*K125 | M125: =K125*4 | N125: 988
A126: 12314363483981 | B126: PULSERA F LOGOS GOLD-BLACK | C126: HIGH QUALITY | D126: 10/02/2026 | E126: 2026 | F126: FEBRERO | G126: HAIFENG | H126: HAIFENG 10/02/2026 | I126: 3 | J126: 10 | K126: 210.68496 | L126: =I126*K126 | M126: =K126*4 | N126: 988
A127: 12314363576653 | B127: BRAZALETE F LOGOS GOLD | C127: Default Title | D127: 22/10/2025 | E127: 2025 | F127: OCTUBRE | G127: HAIFENG | H127: HAIFENG 22/10/2025 | I127: 2 | J127: 10 | K127: 211.28262 | L127: =I127*K127 | M127: =K127*4 | N127: 840
A128: 12314363576653 | B128: BRAZALETE F LOGOS GOLD | C128: Default Title | D128: 20/01/2026 | E128: 2026 | F128: ENERO | G128: HAIFENG | H128: HAIFENG 20/01/2026 | I128: 3 | J128: 10 | K128: 212.00418 | L128: =I128*K128 | M128: =K128*4 | N128: 840
A129: 12314363576653 | B129: BRAZALETE F LOGOS GOLD | C129: Default Title | D129: 10/02/2026 | E129: 2026 | F129: FEBRERO | G129: HAIFENG | H129: HAIFENG 10/02/2026 | I129: 2 | J129: 10 | K129: 210.68496 | L129: =I129*K129 | M129: =K129*4 | N129: 840
A130: 12314363611117 | B130: PULSERA MM SILVER-WHITE | C130: Default Title | D130: 22/10/2025 | E130: 2025 | F130: OCTUBRE | G130: HAIFENG | H130: HAIFENG 22/10/2025 | I130: 3 | J130: 6.99 | K130: 147.68655 | L130: =I130*K130 | M130: =K130*4 | N130: 599
A131: 12314363611117 | B131: PULSERA MM SILVER-WHITE | C131: Default Title | D131: 20/01/2026 | E131: 2026 | F131: ENERO | G131: HAIFENG | H131: HAIFENG 20/01/2026 | I131: 1 | J131: 6.99 | K131: 148.19092 | L131: =I131*K131 | M131: =K131*4 | N131: 599
A132: 12314363611117 | B132: PULSERA MM SILVER-WHITE | C132: Default Title | D132: 16/04/2026 | E132: 2026 | F132: ABRIL | G132: HAIFENG | H132: HAIFENG 16/04/2026 | I132: 1 | J132: 6.99 | K132: 147.01 | L132: =I132*K132 | M132: =K132*4 | N132: 599
A133: 12314363883437 | B133: PULSERA MM GOLD-WHITE | C133: Default Title | D133: 20/01/2026 | E133: 2026 | F133: ENERO | G133: HAIFENG | H133: HAIFENG 20/01/2026 | I133: 4 | J133: 6.99 | K133: 148.19092 | L133: =I133*K133 | M133: =K133*4
A134: 12314363883437 | B134: PULSERA MM GOLD-WHITE | D134: 06/05/2026 | E134: 2026 | F134: MAYO | G134: HAIFENG | H134: HAIFENG 06/05/2026 | I134: 3 | J134: 6.99 | K134: 148.31831 | L134: =I134*K134 | M134: =K134*4
A135: 12314363985133 | B135: ARRACADAS MM GOLD-BLACK | C135: Default Title | D135: 22/10/2025 | E135: 2025 | F135: OCTUBRE | G135: HAIFENG | H135: HAIFENG 22/10/2025 | I135: 3 | J135: 7.99 | K135: 168.81481 | L135: =I135*K135 | M135: =K135*4 | N135: 680
A136: 12314363985133 | B136: ARRACADAS MM GOLD-BLACK | C136: Default Title | D136: 20/01/2026 | E136: 2026 | F136: ENERO | G136: HAIFENG | H136: HAIFENG 20/01/2026 | I136: 6 | J136: 7.99 | K136: 169.39134 | L136: =I136*K136 | M136: =K136*4 | N136: 680
A137: 12314363985133 | B137: ARRACADAS MM GOLD-BLACK | C137: Default Title | D137: 16/04/2026 | E137: 2026 | F137: ABRIL | G137: HAIFENG | H137: HAIFENG 16/04/2026 | I137: 3 | J137: 7.99 | K137: 168.04147 | L137: =I137*K137 | M137: =K137*4 | N137: 680
A138: 12314364086829 | B138: ARRACADAS MM GOLD-WHITE | C138: Default Title | D138: 22/10/2025 | E138: 2025 | F138: OCTUBRE | G138: HAIFENG | H138: HAIFENG 22/10/2025 | I138: 3 | J138: 7.99 | K138: 168.81481 | L138: =I138*K138 | M138: =K138*4 | N138: 680
A139: 12314364086829 | B139: ARRACADAS MM GOLD-WHITE | C139: Default Title | D139: 20/01/2026 | E139: 2026 | F139: ENERO | G139: HAIFENG | H139: HAIFENG 20/01/2026 | I139: 6 | J139: 7.99 | K139: 169.39134 | L139: =I139*K139 | M139: =K139*4 | N139: 680
A140: 12731906776716 | B140: COLLAR CORAZÓN SILVER | C140: 44 cm / dije 2.5cm | D140: 02/03/2026 | E140: 2026 | F140: MARZO | G140: ZOEY | H140: ZOEY 02/03/2026 | I140: 2 | J140: 9 | K140: 236.49278 | L140: =I140*K140 | M140: =K140*4 | N140: 950
A141: 13667531088813 | B141: ANILLO BV BUMPS GOLD-BLACK-8 | C141: 8 | D141: 25/09/2025 | E141: 2025 | F141: SEPTIEMBRE | G141: HAIFENG | H141: HAIFENG 25/09/2025 | I141: 1 | J141: 9 | K141: 189.87197 | L141: =I141*K141 | M141: =K141*4 | N141: 750
A142: 13667531088813 | B142: ANILLO BV BUMPS GOLD-BLACK | C142: 8 | D142: 10/02/2026 | E142: 2026 | F142: FEBRERO | G142: HAIFENG | H142: HAIFENG 10/02/2026 | I142: 1 | J142: 9 | K142: 189.61646 | L142: =I142*K142 | M142: =K142*4 | N142: 750
A143: 13794531858861 | B143: CARTERA PR SAFFIANO DARKBLUE | C143: BLUE | D143: 02/03/2026 | E143: 2026 | F143: MARZO | G143: ZOEY | H143: ZOEY 02/03/2026 | I143: 2 | J143: 19 | K143: 499.26254 | L143: =I143*K143 | M143: =K143*4 | N143: 1999
A144: 13794532310349 | B144: CARTERA MM NAPA PINK | C144: PINK | D144: 02/03/2026 | E144: 2026 | F144: MARZO | G144: ZOEY | H144: ZOEY 02/03/2026 | I144: 2 | J144: 23 | K144: 604.37044 | L144: =I144*K144 | M144: =K144*4 | N144: 2440
A145: 13794532310349 | B145: CARTERA MM NAPA PINK | C145: Default Title | D145: 15/05/2026 | E145: 2026 | F145: MAYO | G145: ZOEY | H145: ZOEY 15/05/2026 | I145: 1 | J145: 23 | K145: 609.60636 | L145: =I145*K145 | M145: =K145*4 | N145: 2440
A146: 13794532310349 | B146: CARTERA MM NAPA PINK | C146: Default Title | D146: 08/06/2026 | E146: 2026 | F146: JUNIO | G146: ZOEY | H146: ZOEY 08/06/2026 | I146: 2 | J146: 23 | K146: 563.76304 | L146: =I146*K146 | M146: =K146*4 | N146: 2240
...

Sheet COSTO POR MES
A1: COSTO UNITARIO TOTAL (MXN) POR MES — celda vacía = no se compró ese mes
A3: SKU | B3: PRODUCTO | C3: MAY-25 | D3: SEP-25 | E3: OCT-25 | F3: NOV-25 | G3: DIC-25 | H3: ENE-26 | I3: FEB-26 | J3: MAR-26 | K3: ABR-26 | L3: MAY-26 | M3: JUN-26 | N3: JUL-26
A4: 10065591041229 | B4: TRAJE DE BAÑO COMPLETO TRIOMPHE | J4: 644.55124 | M4: 612.78591
A5: 10065591106765 | B5: TRAJE DE BAÑO C TRIOMPHE ALL BLACK | J5: 644.55124
A6: 10065591251949 | B6: TRAJE DE BAÑO GC PINK | J6: 644.55124
A7: 10065591348557 | B7: TRAJE DE BAÑO COMPLETO CD | J7: 644.55124
A8: 10132411046285 | B8: SANDALIAS CD DIORACT BLACK | K8: 946.55095
A9: 10132411116909 | B9: BOLSO CD SADDLE ALL BLACK | K9: 1703.7917
A10: 10132411251373 | B10: BOLSO CD BOW BURGUNDY | K10: 1920.1462
A11: 10132411318605 | B11: BOLSO CD BOW BLACK | K11: 1920.1462
A12: 10132411463245 | B12: GORRO F LOGOS | K12: 270.44313
A13: 10132411501101 | B13: CARTERA F GRAPHY WHITE | K13: 1406.3043
A14: 10132411606189 | B14: CARTERA F BAGUETTE MINI | K14: 2028.3235
A15: 10132411776813 | B15: BOLSO F GRAPHY LOGOS | K15: 2109.4564
A16: 10427542282892 | B16: RELOJ SANTOS SILVER | D16: 1708.0134 | E16: 1528.2979 | J16: 1786.8343 | M16: 1666.7777
A17: 10427542282893 | B17: RELOJ SANTOS SILVER | E17: 1522.417 | M17: 1666.7777
A18: 10473111097537 | B18: PULSERA DE CUENTAS ROSEGOLD | D18: 226.0606 | E18: 223.20098 | H18: 234.28439 | J18: 157.66185 | M18: 220.60293
A19: 10717801055213 | B19: ANILLO CD ZIRCONIAS GOLD-BLACK | H19: 201.40397 | I19: 200.15071
A20: 10956321024557 | B20: ANILLO BV BUMPS GOLD ZIRCONIAS | D20: 210.96886 | J20: 234.34286
A21: 10956321157325 | B21: ANILLO BV BUMPS GOLD ZIRCONIAS | D21: 210.96886 | I21: 231.75346 | L21: 254.62371
A22: 10956321291309 | B22: ANILLO BV BUMPS SILVER ZIRCONIAS-6 | D22: 210.96886
A23: 10956321324077 | B23: ANILLO BV BUMPS SILVER ZIRCONIAS | D23: 210.96886 | K23: 210.31474
A24: 11078751761037 | B24: COLLAR C GOLD ZIRCONIAS | E24: 126.55829 | I24: 126.20029 | K24: 125.97853 | L24: 125.72588
A25: 11078751910221 | B25: ARETES C GOLD ZIRCONIAS | E25: 126.55829 | H25: 126.9905 | I25: 126.20029 | K25: 125.97853 | L25: 125.72588
A26: 11078752382541 | B26: ARETES C GOLD PEARL | E26: 126.55829 | H26: 126.9905 | I26: 126.20029 | K26: 125.97853 | M26: 125.87749
A27: 11453671120077 | B27: ARETES FR GOLD ONE PEARL | H27: 127.20251
A28: 11915813184811 | B28: LENTES DE SOL MM BROWN | D28: 705.01471 | J28: 778.86506
A29: 11915820343339 | B29: LENTES MM HAVANA | D29: 679.83562 | E29: 707.44924 | H29: 717.86055 | L29: 715.52821
A30: 11915825730987 | B30: TRAJE DE BAÑO C | J30: 859.43731
A31: 11915825763755 | B31: TRAJE DE BAÑO C | K31: 830.40296
A32: 11915826071979 | B32: LENTES LV EVIDENCE | D32: 226.61187 | H32: 239.28685 | J32: 241.71674 | L32: 238.5094
A33: 11915828032299 | B33: BOLSO DE VIAJE G BOWLING 55 GREEN | L33: 1987.5784
A34: 11915828105387 | B34: TRAJE DE BAÑO V | D34: 246.75515 | J34: 290.06009 | K34: 280.261
A35: 11915828138155 | B35: TRAJE DE BAÑO V | D35: 246.75515 | L35: 286.21129
A36: 11966951169965 | B36: PULSERA DE CUENTAS CON INSIGNIA DE CORAZÓN BLUE | M36: 105.07303
A37: 12314361063501 | B37: ANILLO F DOBLE GOLD | E37: 147.89783 | H37: 148.40292 | I37: 147.47947 | K37: 147.22032 | L37: 148.5305 | M37: 147.10225
A38: 12314361226797 | B38: ARRACADAS COLGANTES F ZIRCONIA | E38: 169.0261 | H38: 169.60334 | I38: 168.54797
A39: 12314361364653 | B39: ARETES F GOLD PEARL | E39: 169.0261 | H39: 169.60334 | I39: 168.54797 | L39: 167.91436 | M39: 168.11685
A40: 12314361469741 | B40: ARETES F FILO GOLD | E40: 126.76957 | L40: 167.70447
A41: 12314361504205 | B41: ANILLO F SILVER ZIRCONIAS | E41: 147.89783 | M41: 147.10225
A42: 12314361636973 | B42: ANILLO F SILVER ZIRCONIAS | E42: 147.89783
A43: 12314361740365 | B43: COLLAR F GOLD ZIRCONIAS | E43: 169.0261 | H43: 169.60334 | I43: 168.54797
A44: 12314361978221 | B44: ARETES F SILVER ZIRCONIAS | E44: 147.89783 | H44: 148.40292 | I44: 147.47947 | M44: 147.10225
A45: 12314362081613 | B45: ARETES F GOLD ZIRCONIAS | E45: 147.89783 | H45: 148.40292 | I45: 147.47947 | K45: 147.22032 | M45: 147.10225
A46: 12314362119469 | B46: PULSERA F O'LOCK GOLD | E46: 147.89783 | H46: 148.40292 | I46: 147.47947
A47: 12314362492941 | B47: ARETES F GOLD | E47: 126.76957 | H47: 127.20251 | I47: 126.41098 | J47: 127.82338 | L47: 126.62381
A48: 12314362540493 | B48: ARRACADAS F GOLD-BLACK | E48: 147.89783 | I48: 147.47947 | K48: 147.22032
A49: 12314362665261 | B49: BRAZALETE F GOLD ZIRCONIAS | E49: 211.28262 | H49: 212.00418 | I49: 210.68496
A50: 12314362703117 | B50: ANILLO F GOLD ZIRCONIAS | E50: 147.89783 | J50: 149.12727
A51: 12314362835885 | B51: ANILLO F GOLD ZIRCONIAS | M51: 147.10225
A52: 12314363483981 | B52: PULSERA F LOGOS GOLD-BLACK | E52: 253.53914 | H52: 212.00418 | I52: 210.68496
A53: 12314363576653 | B53: BRAZALETE F LOGOS GOLD | E53: 211.28262 | H53: 212.00418 | I53: 210.68496
A54: 12314363611117 | B54: PULSERA MM SILVER-WHITE | E54: 147.68655 | H54: 148.19092 | K54: 147.01
A55: 12314363883437 | B55: PULSERA MM GOLD-WHITE | H55: 148.19092 | L55: 148.31831
A56: 12314363985133 | B56: ARRACADAS MM GOLD-BLACK | E56: 168.81481 | H56: 169.39134 | K56: 168.04147
A57: 12314364086829 | B57: ARRACADAS MM GOLD-WHITE | E57: 168.81481 | H57: 169.39134
A58: 12731906776716 | B58: COLLAR CORAZÓN SILVER | J58: 236.49278
A59: 13667531088813 | B59: ANILLO BV BUMPS GOLD-BLACK | D59: 189.87197 | I59: 189.61646
A60: 13794531858861 | B60: CARTERA PR SAFFIANO DARKBLUE | J60: 499.26254
A61: 13794532310349 | B61: CARTERA MM NAPA PINK | J61: 604.37044 | L61: 609.60636 | M61: 563.76304
A62: 13798161017037 | B62: CADENA H GOLD | D62: 274.04855 | L62: 272.65095
A63: 13863311065325 | B63: BOLSO CD MESSENGER SADDLE BLACK | H63: 1302.784 | J63: 1316.0134
A64: 14156151055725 | B64: RELOJ PANTHERE SILVER | E64: 1438.4063 | H64: 1509.8328
A65: 14247351086093 | B65: ARETES F O'LOCK SILVER | E65: 169.0261 | H65: 169.60334 | I65: 168.54797 | K65: 1577.3605 | M65: 168.11685
A66: 14361211269805 | B66: BRAZALETE BV SILVER WHITE | D66: 210.96886 | K66: 210.31474
A67: 14361211408813 | B67: BRAZALETE BV ROSEGOLD WHITE | D67: 210.96886 | K67: 210.31474
A68: 14401521021389 | B68: CINTO LV REVERSIBLE HERITAGE | I68: 237.98161 | K68: 228.36082
A69: 14401521186925 | B69: CARTERA LV STREAMER MOCASIN | I69: 1054.6912 | L69: 1033.5408
A70: 14401521219693 | B70: LENTES C SANTOS | I70: 878.90937
A71: 14401521352461 | B71: LENTES C TRIOMPHE GOLD CAT | I71: 797.77927
A72: 14401521483533 | B72: CINTO C TRIOMPHE LOGOS | I72: 237.98161 | K72: 228.36082
A73: 14401521547373 | B73: BOLSO C CABAS PANIER BLACK16cm | I73: 1162.8647 | K73: 1115.854
A74: 14401521612909 | B74: BOLSO C PANIER HOBO | I74: 1135.8213 | L74: 1113.0439
A75: 14401521745677 | B75: BOLSO C CABAS PANIER BROWN | I75: 1162.8647 | K75: 1115.854
A76: 14401521878445 | B76: BOLSO C HALFMOON BLACK | I76: 1757.8187 | K76: 1686.756
A77: 14401521907821 | B77: BOLSO GC SHOULDER BLACK | I77: 1514.4285 | K77: 1453.2052
A78: 14401522038893 | B78: BOLSO GC TOTE BEATRIX BROWN | I78: 1433.2984 | K78: 1375.3549
A79: 14401522171661 | B79: CARTERA GC PLEGABLE ALL BLACK | I79: 594.95403
A80: 14401522235501 | B80: TARJETERO GC HORSEBIT 1955 | I80: 892.43105 | L80: 874.53448
A81: 14401522366573 | B81: CARTERA GC ZIP MARMONT BLACK | I81: 784.25759 | L81: 768.5303
A82: 14401522499341 | B82: BOLSO GC SHOULDER SUPREME | I82: 1325.1249
A83: 14401522525325 | B83: CARTERA GC PLEGABLE LOGOS | I83: 676.08413
A84: 14401522621933 | B84: LENTES GC EYEWEAR NEW POP | I84: 892.43105
A85: 14401522754701 | B85: LENTES GC ALL BLACK | I85: 1135.8213
A86: 14401522887469 | B86: CINTO GC WHITE | I86: 216.34692 | K86: 207.60074 | L86: 212.00836
A87: 14401522920237 | B87: BOLSO CC DOUBLE FLAP | I87: 1947.1223 | K87: 1868.4067
A88: 14401523053005 | B88: CARTERA MM BLACK | I88: 892.43105
A89: 14401523185773 | B89: TARJETERO MM BLACK | I89: 676.08413
A90: 14401523218541 | B90: BOLSO PR RE-NYLON | I90: 1325.1249
A91: 14401523316845 | B91: MOCHILA PR RE-NYLON | I91: 1433.2984
A92: 14401523449613 | B92: BOLSO CD CON CREMALLERA | I92: 1298.0815 | K92: 1245.6044 | L92: 1272.0502
A93: 14512841047597 | B93: PULSERA LV IDYLLE BLOSSOM GOLD | D93: 232.06574 | K93: 231.34621
A94: 14679511089581 | B94: PULSERA H SILVER | K94: 273.19884
A95: 15104851060781 | B95: COLLAR ALHAMBRA GOLD | I95: 106.77146 | M95: 105.07303
A96: 15104861195245 | B96: ANILLO LV RED BLOSSOM STAR ROSE GOLD | I96: 191.97509
A97: 15104861228013 | B97: ANILLO LV RED BLOSSOM STAR ROSE GOLD | I97: 191.97509 | L97: 188.69376
A98: 15104861336493 | B98: ANILLO LV GREEN BLOSSOM STAR ROSE GOLD | I98: 191.97509
A99: 15104861469261 | B99: ANILLO LV GREEN BLOSSOM STAR ROSE GOLD | I99: 191.97509 | L99: 188.69376
A100: 15104861551757 | B100: BRAZALETE IDYLLE ROSE GOLD ZIRCONIAS | I100: 320.31439 | L100: 314.83943
A101: 15104861653453 | B101: PULSERA LV BLOSSOM ROSE GOLD RED | I101: 234.89722 | K101: 231.34621
...

Sheet SIN HISTORIAL DE PRECIO
A1: PRODUCTOS EN SHOPIFY QUE NO APARECEN EN NINGUNA ORDEN DE COMPRA (no tienen costo → no se puede calcular ROAS)
A3: SKU | B3: TÍTULO EN SHOPIFY | C3: VARIANTE | D3: PROVEEDOR | E3: PRECIO SHOPIFY | F3: STOCK | G3: ESTATUS | H3: QUÉ HACE FALTA
A4: 21123131022157 | B4: CAJA DE REGALO SAINTLAURENT | C4: Default Title | D4: JEWELRY REMATE MÉXICO | E4: 100 | F4: 30 | G4: active | H4: Falta el costo de compra (no está en ninguna tabla de precios)
A5: 6438502d73d29 | B5: PULSERA LOVE DELGADA ROSE GOLD CON ZIRCONIA | C5: 18 cm | D5: COCOMA | E5: 499 | F5: 29 | G5: active | H5: YA TIENE COSTO EN SHOPIFY ($103.00, heredado hoy)
A6: 63e0c53db1d26 | B6: PULSERA LOVE CON ZIRCONIAS SILVER | C6: 17 cm | D6: HAIFENG | E6: 499 | F6: 23 | G6: active | H6: YA TIENE COSTO EN SHOPIFY ($103.00, heredado hoy)
A7: 6438502e12b7a | B7: PULSERA LOVE DELGADA ROSE GOLD CON ZIRCONIA | C7: 19 cm | D7: COCOMA | E7: 350 | F7: 21 | G7: active | H7: YA TIENE COSTO EN SHOPIFY ($103.00, heredado hoy)
A8: 63e0c53faead3 | B8: PULSERA LOVE CON ZIRCONIAS SILVER | C8: 19 cm | D8: HAIFENG | E8: 499 | F8: 21 | G8: active | H8: YA TIENE COSTO EN SHOPIFY ($103.00, heredado hoy)
A9: 75402761063661 | B9: CAJA DE REGALO SAINTLAURENT BROWN | C9: Default Title | D9: JEWELRY REMATE MX | E9: 149.99 | F9: 19 | G9: active | H9: Falta el costo de compra (no está en ninguna tabla de precios)
A10: 6438502fc9909 | B10: PULSERA LOVE DELGADA SILVER CON ZIRCONIA | C10: 18 cm | D10: COCOMA | E10: 350 | F10: 18 | G10: active | H10: YA TIENE COSTO EN SHOPIFY ($103.00, heredado hoy)
A11: 83473191089069 | B11: BOLSA DE REGALO ROLEX | C11: Default Title | D11: JEWELRY REMATE MX | E11: 99 | F11: 17 | G11: active | H11: Falta el costo de compra (no está en ninguna tabla de precios)
A12: 6438503080ba5 | B12: PULSERA LOVE DELGADA SILVER CON ZIRCONIA | C12: 19 cm | D12: COCOMA | E12: 350 | F12: 17 | G12: active | H12: YA TIENE COSTO EN SHOPIFY ($103.00, heredado hoy)
A13: 63e0c53ecc1bb | B13: PULSERA LOVE GOLD CON ZIRCONIAS | C13: 18 cm | D13: HAIFENG | E13: 350 | F13: 15 | G13: active | H13: YA TIENE COSTO EN SHOPIFY ($36.00, heredado hoy)
A14: 643850286c71f | B14: PULSERA LOVE DELGADA GOLD CON ZIRCONIA | C14: 19cm | D14: COCOMA | E14: 499 | F14: 15 | G14: active | H14: YA TIENE COSTO EN SHOPIFY ($103.00, heredado hoy)
A15: 63e0c541cb685 | B15: PULSERA LOVE CON ZIRCONIAS SILVER | C15: 21 cm | D15: HAIFENG | E15: 499 | F15: 15 | G15: active | H15: YA TIENE COSTO EN SHOPIFY ($103.00, heredado hoy)
... A33: 63e0c53b0bc60 | B33: PULSERA LOVE CON ZIRCONIA GOLD | C33: 19 cm | D33: HAIFENG | E33: 499 | F33: 8 | G33: active | H33: YA TIENE COSTO EN SHOPIFY ($90.00, heredado hoy)
A34: 27008341052141 | B34: ANILLO CLAVO JUSTE UN CLOU BLACK | C34: 5 | D34: JEWELRY REMATE MX | E34: 400 | F34: 7 | G34: active | H34: YA TIENE COSTO EN SHOPIFY ($51.50, heredado hoy)
A35: 27008341184909 | B35: ANILLO CLAVO JUSTE UN CLOU BLACK | C35: 6 | D35: JEWELRY REMATE MX | E35: 400 | F35: 7 | G35: active | H35: YA TIENE COSTO EN SHOPIFY ($51.50, heredado hoy)
A36: 82224434775597 | B36: PULSERA TRES AROS CON ZIRCONIA | C36: Default Title | D36: HAIFENG | E36: 511 | F36: 7 | G36: active | H36: YA TIENE COSTO EN SHOPIFY ($185.40, heredado hoy)
A37: 63e0c22821f27 | B37: PULSERA CLAVO SILVER CON ZIRCONIA | C37: 17CM | D37: NANCY VIP | E37: 480 | F37: 7 | G37: active | H37: YA TIENE COSTO EN SHOPIFY ($150.00, heredado hoy)
A38: 63e0c53db4230 | B38: PULSERA LOVE GOLD CON ZIRCONIAS | C38: 17 cm | D38: HAIFENG | E38: 350 | F38: 7 | G38: active | H38: YA TIENE COSTO EN SHOPIFY ($36.00, heredado hoy)
A39: 82224434324781 | B39: ANILLO LOVE CON ZIRCONIA ROSE GOLD | C39: 8 | D39: HAIFENG | E39: 140 | F39: 6 | G39: active | H39: YA TIENE COSTO EN SHOPIFY ($36.00, heredado hoy)
A40: 668eeef883944 | B40: BOLSO OPHIDIA GC | C40: 18cm de largo x 10cm de alto | D40: CYNTHIA CAO | E40: 3857 | F40: 5 | G40: active | H40: YA TIENE COSTO EN SHOPIFY ($1083.56, heredado hoy)
A41: 665bd49b2e288 | B41: TARJETERO GC BLACK | C41: 7cm x 10cm | D41: DINA DU | E41: 1298 | F41: 6 | G41: active | H41: YA TIENE COSTO EN SHOPIFY ($364.85, heredado hoy)
A42: 654bdc29a984e | B42: GORRA B WHITE | C42: MIDDLE QUALITY, AJUSTABLE | D42: ZOEY | E42: 1199 | F42: 6 | G42: active | H42: YA TIENE COSTO EN SHOPIFY ($220.31, heredado hoy)
A43: 89411021033453 | B43: SANDALIAS CD MULE BLUE | C43: 36/23cm | D43: ZOEY | E43: 3719 | F43: 5 | G43: active | H43: YA TIENE COSTO EN SHOPIFY ($857.93, heredado hoy)
A44: 41186901025805 | B44: ANILLO T SILVER ZIRCONIAS | C44: 6 | D44: HAIFENG | E44: 650 | F44: 5 | G44: active | H44: YA TIENE COSTO EN SHOPIFY ($82.40, heredado hoy)
A45: 27008341350445 | B45: ANILLO CLAVO JUSTE UN CLOU BLACK | C45: 10 | D45: JEWELRY REMATE MX | E45: 400 | F45: 5 | G45: active | H45: YA TIENE COSTO EN SHOPIFY ($51.50, heredado hoy)
A46: 97033781006797 | B46: BOLSA DE REGALO PATEK PHILIPPE | C46: Default Title | D46: JEWELRY REMATE MX | E46: 99 | F46: 5 | G46: active | H46: Falta el costo de compra (no está en ninguna tabla de precios)
A47: 66593bd0c0e85 | B47: ANILLO LOVE SILVER ANCHO CON ZIRCONIA | C47: 10 | D47: HAIFENG | E47: 450 | F47: 5 | G47: active | H47: YA TIENE COSTO EN SHOPIFY ($36.00, heredado hoy)
A48: 63e0c54089620 | B48: PULSERA LOVE CON ZIRCONIA SILVER | C48: 20 cm | D48: HAIFENG | E48: 499 | F48: 5 | G48: active | H48: YA TIENE COSTO EN SHOPIFY ($90.00, heredado hoy)
A49: 25180371098861 | B49: LENTES DE SOL PR BLANCO | C49: Regular off-white | D49: HAIFENG | E49: 1484 | F49: 4 | G49: active | H49: YA TIENE COSTO EN SHOPIFY ($560.00, heredado hoy)
A50: 99023161081581 | B50: SANDALIAS CD MULE BLUE | C50: 38/24cm | D50: ZOEY | E50: 3719 | F50: 4 | G50: active | H50: YA TIENE COSTO EN SHOPIFY ($857.93, heredado hoy)
A51: 27008341483213 | B51: ANILLO CLAVO JUSTE UN CLOU BLACK | C51: 11 | D51: JEWELRY REMATE MX | E51: 400 | F51: 4 | G51: active | H51: YA TIENE COSTO EN SHOPIFY ($51.50, heredado hoy)
A52: 85969261098733 | B52: RELOJ SANTOS SILVER | C52: 28mm Mujer sin caja | D52: ZOEY | E52: 4929 | F52: 4 | G52: active | H52: YA TIENE COSTO EN SHOPIFY ($1666.83, heredado hoy)
A53: 43728133305612 | B53: COLLAR TREBOL ROSEGOLD | C53: MIDDLE QUALITY | D53: HAIFENG | E53: 331 | F53: 4 | G53: active | H53: YA TIENE COSTO EN SHOPIFY ($226.60, heredado hoy)
A54: 63e0c53c5218b | B54: PULSERA LOVE GOLD CON ZIRCONIAS | C54: 16 cm | D54: HAIFENG | E54: 499 | F54: 4 | G54: active | H54: YA TIENE COSTO EN SHOPIFY ($36.00, heredado hoy)
A55: 43047193870476 | B55: COLLAR CORAZÓN SILVER | C55: 40cm con 6.5cm de extensión. | D55: ZOEY | E55: 750 | F55: 3 | G55: active | H55: YA TIENE COSTO EN SHOPIFY ($180.00, heredado hoy)
A56: 42981979422860 | B56: PULSERA DE TELA V CON ZIRCONIA | C56: Default Title | D56: NANCY VIP | E56: 475 | F56: 4 | G56: active | H56: YA TIENE COSTO EN SHOPIFY ($143.43, heredado hoy)
A57: 66581e2b882d9 | B57: BOLSO KELLY BAG PINK | C57: 21cm de largo x 13cm de alto x 6.5cm de ancho | D57: DINA DU | E57: 2493 | F57: 3 | G57: active | H57: YA TIENE COSTO EN SHOPIFY ($415.85, heredado hoy)
A58: 648cc606e5b5d | B58: GORRA B BLACK | C58: Ajustable | D58: ZOEY | E58: 1199 | F58: 4 | G58: active | H58: YA TIENE COSTO EN SHOPIFY ($353.88, heredado hoy)
A59: 54623401079969 | B59: LENTES PR SQUARE GOLD | C59: 4cm | D59: CYNTHIA CAO | E59: 1440 | F59: 4 | G59: active | H59: YA TIENE COSTO EN SHOPIFY ($747.58, heredado hoy)
A60: 76001861005581 | B60: RELOJ SANTOS SILVER MEN | C60: 40mm sin caja | D60: JEWELRY REMATE MX | E60: 4929 | F60: 3 | G60: active | H60: Falta el costo de compra (no está en ninguna tabla de precios)
A61: 11741151091757 | B61: BOLSO YSL SHOPER ICARE BIG | C61: Default Title | D61: CYNTHIA CAO | E61: 5840 | F61: 3 | G61: active | H61: YA TIENE COSTO EN SHOPIFY ($1458.25, heredado hoy)
A62: 24019001005293 | B62: PULSERA CLAVO BLACK CON ZIRCONIA | C62: 17CM | D62: JEWELRY REMATE MX | E62: 450 | F62: 3 | G62: active | H62: YA TIENE COSTO EN SHOPIFY ($61.92, heredado hoy)
A63: 87812721031277 | B63: BOLSA DE REGALO CARTIER | C63: Default Title | D63: JEWELRY REMATE MX | E63: 99 | F63: 3 | G63: active | H63: Falta el costo de compra (no está en ninguna tabla de precios)
... A65: 66075802307343 | B65: PULSERA CLAIR D LUNE SILVER CD | C65: 17cm largo 5cm de extensión dije 2cm | D65: HAIFENG | E65: 412 | F65: 3 | G65: active | H65: YA TIENE COSTO EN SHOPIFY ($82.40, heredado hoy)
A66: 66593bd02e6c3 | B66: ANILLO LOVE SILVER ANCHO CON ZIRCONIA | C66: 9 | D66: HAIFENG | E66: 450 | F66: 3 | G66: active | H66: YA TIENE COSTO EN SHOPIFY ($36.00, heredado hoy)
A67: 82224434590317 | B67: ANILLO LOVE CON ZIRCONIA ROSE GOLD | C67: 10 | D67: HAIFENG | E67: 140 | F67: 2 | G67: active | H67: YA TIENE COSTO EN SHOPIFY ($36.00, heredado hoy)
A68: 12491221098733 | B68: PULSERA LOVE ROSE GOLD | C68: 19cm OUTLET | D68: HAIFENG | E68: 300 | F68: 3 | G68: active | H68: YA TIENE COSTO EN SHOPIFY ($94.57, heredado hoy)
A69: 63e0c58e6ee5a | B69: PULSERA LOVE DELGADA ROSE GOLD CON ZIRCONIA | C69: 16cm | D69: COCOMA | E69: 499 | F69: 3 | G69: active | H69: YA TIENE COSTO EN SHOPIFY ($120.00, heredado hoy)
A70: 84909921062957 | B70: PULSERA LOVE GOLD | C70: 17CM OUTLET | D70: HAIFENG | E70: 429 | F70: 3 | G70: active | H70: YA TIENE COSTO EN SHOPIFY ($94.65, heredado hoy)
A71: 66176c8ce2953 | B71: ANILLO LOVE ROSE GOLD ANCHO | C71: 10 | D71: HAIFENG | E71: 400 | F71: 3 | G71: active | H71: YA TIENE COSTO EN SHOPIFY ($36.00, heredado hoy)
A72: 66593bc8e0b0c | B72: ANILLO LOVE ROSE GOLD ANCHO CON ZIRCONIA | C72: 8 | D72: HAIFENG | E72: 260 | F72: 3 | G72: active | H72: YA TIENE COSTO EN SHOPIFY ($36.00, heredado hoy)
A73: 63e0c53c1484a | B73: PULSERA LOVE CON ZIRCONIA SILVER | C73: 16 cm | D73: HAIFENG | E73: 499 | F73: 3 | G73: active | H73: YA TIENE COSTO EN SHOPIFY ($90.00, heredado hoy)
A74: 85938951091373 | B74: CINTO FR ROSEGOLD | C74: 100cm OUTLET | D74: DINA DU | E74: 1199 | F74: 2 | G74: active | H74: YA TIENE COSTO EN SHOPIFY ($326.31, heredado hoy)
A75: 64e78e6aeff59 | B75: PULSERA ONE T CON ZIRCONIA GOLD | C75: 16cm | D75: CYNTHIA CAO | E75: 1215 | F75: 3 | G75: active | H75: YA TIENE COSTO EN SHOPIFY ($291.32, heredado hoy)
A76: 41928701034317 | B76: PULSERA TB GOLD | C76: 17 CM OUTLET | D76: NANCY VIP | E76: 424 | F76: 3 | G76: active | H76: YA TIENE COSTO EN SHOPIFY ($127.02, heredado hoy)
A77: 78475131038701 | B77: COLLAR CLAVO ROUND ROSEGOLD | C77: OUTLET | D77: NANCY VIP | E77: 550 | F77: 3 | G77: active | H77: YA TIENE COSTO EN SHOPIFY ($181.35, heredado hoy)
A78: 63e0b1e26cab2 | B78: ANILLO BV GOLD DELGADO | C78: 5 | D78: COCOMA | E78: 678 | F78: 3 | G78: active | H78: YA TIENE COSTO EN SHOPIFY ($157.80, heredado hoy)
A79: 34777701039853 | B79: TRAJE DE BAÑO C | C79: S | D79: CYNTHIA CAO | E79: 1099 | F79: 3 | G79: active | H79: Falta el costo de compra (no está en ninguna tabla de precios)
A80: 76001861138349 | B80: RELOJ SANTOS SILVER MEN | C80: 33mm sin caja | D80: JEWELRY REMATE MX | E80: 4929 | F80: 2 | G80: active | H80: Falta el costo de compra (no está en ninguna tabla de precios)
A81: 19531111019885 | B81: ANILLO DOBLE T ANCHO CON ZIRCONIAS SILVER | C81: Default Title | D81: HAIFENG | E81: 650 | F81: 2 | G81: active | H81: YA TIENE COSTO EN SHOPIFY ($140.00, heredado hoy)
A82: 40049131342382 | B82: MONEDERO LV MONOGRAM BLACK | C82: OUTLET | D82: NANCY VIP | E82: 699 | F82: 2 | G82: active | H82: YA TIENE COSTO EN SHOPIFY ($222.15, heredado hoy)
A83: 34163622017518 | B83: CARTERA F BAGUETTE WHITE | C83: OUTLET | D83: ZOEY | E83: 3999 | F83: 2 | G83: active | H83: YA TIENE COSTO EN SHOPIFY ($1331.66, heredado hoy)
A84: 27008341217677 | B84: ANILLO CLAVO JUSTE UN CLOU BLACK | C84: 9 | D84: JEWELRY REMATE MX | E84: 400 | F84: 2 | G84: active | H84: YA TIENE COSTO EN SHOPIFY ($51.50, heredado hoy)
A85: 53718651039597 | B85: ANILLO GC DIAGONAL ANCHO | C85: Default Title | D85: JEWELRY REMATE MX | E85: 450 | F85: 2 | G85: active | H85: YA TIENE COSTO EN SHOPIFY ($86.76, heredado hoy)
A86: 91424431037133 | B86: COLLAR T CORAZÓN CON ZIRCONIA | C86: MIDDLE QUALITY | D86: ZOEY | E86: 799 | F86: 2 | G86: active | H86: YA TIENE COSTO EN SHOPIFY ($177.64, heredado hoy)
A87: 72561411199821 | B87: COLLAR GC LOGO SILVER MINI | C87: Default Title | D87: JEWELRY REMATE MX | E87: 299 | F87: 2 | G87: active | H87: YA TIENE COSTO EN SHOPIFY ($130.08, heredado hoy)
A88: 65786751076142 | B88: COLLAR POP H SILVER WHITE | C88: OUTLET | D88: NANCY VIP | E88: 200 | F88: 2 | G88: active | H88: YA TIENE COSTO EN SHOPIFY ($93.80, heredado hoy)
A89: 83342121177357 | B89: TRAJE DE BAÑO DG BLACK | C89: s | D89: CYNTHIA CAO | E89: 1199 | F89: 2 | G89: active | H89: YA TIENE COSTO EN SHOPIFY ($224.27, heredado hoy)
A90: 57277821081325 | B90: BOLSA DE REGALO MIU MIU PINK | C90: Default Title | D90: JEWELRY REMATE MX | E90: 70 | F90: 2 | G90: active | H90: Falta el costo de compra (no está en ninguna tabla de precios)
A91: 76070781039245 | B91: BOLSA DE REGALO CELINE | C91: Default Title | D91: JEWELRY REMATE MX | E91: 70 | F91: 2 | G91: active | H91: Falta el costo de compra (no está en ninguna tabla de precios)
A92: 41889241938701 | B92: ARRACADAS GC INTERLOCKING GOLD | C92: Default Title | D92: CYNTHIA CAO | E92: 475 | F92: 2 | G92: active | H92: YA TIENE COSTO EN SHOPIFY ($183.06, heredado hoy)
A93: 17360611572909 | B93: RELOJ NAUTILUS PP | C93: RELOJ SIN CAJA | D93: ZOEY | E93: 5199 | F93: 2 | G93: active | H93: YA TIENE COSTO EN SHOPIFY ($1485.31, heredado hoy)
A94: 67201535562669 | B94: ANILLO PERLEE SIGNATURE SILVER VF | C94: 8 | D94: HAIFENG | E94: 412 | F94: 2 | G94: active | H94: YA TIENE COSTO EN SHOPIFY ($100.00, heredado hoy)
A95: 67201534130445 | B95: ANILLO KNOT CON ZIRCONIAS T GOLD | C95: 7 | D95: HAIFENG | E95: 230 | F95: 2 | G95: active | H95: YA TIENE COSTO EN SHOPIFY ($133.90, heredado hoy)
A96: 99019871073389 | B96: BRAZALETE KELLY CLIC H ROSE GOLD | C96: OUTLET | D96: HAIFENG | E96: 700 | F96: 2 | G96: active | H96: YA TIENE COSTO EN SHOPIFY ($211.09, heredado hoy)
A97: 64085742661293 | B97: ANILLO ALLIANCE ROSE GOLD C | C97: 5 | D97: HAIFENG | E97: 400 | F97: 2 | G97: active | H97: YA TIENE COSTO EN SHOPIFY ($41.20, heredado hoy)
A98: 64085741753581 | B98: COLLAR SAPHIRS D’AMOUR PURPLE C | C98: Default Title | D98: HAIFENG | E98: 375 | F98: 3 | G98: active | H98: YA TIENE COSTO EN SHOPIFY ($144.20, heredado hoy)
A99: 66593bce11bc3 | B99: ANILLO LOVE SILVER ANCHO CON ZIRCONIA | C99: 6 | D99: HAIFENG | E99: 450 | F99: 2 | G99: active | H99: YA TIENE COSTO EN SHOPIFY ($36.00, heredado hoy)
A100: 82224434026477 | B100: ANILLO LOVE CON ZIRCONIA ROSE GOLD | C100: 5 | D100: HAIFENG | E100: 450 | F100: 2 | G100: active | H100: YA TIENE COSTO EN SHOPIFY ($36.00, heredado hoy)
A101: 677c26b9f18fa | B101: GARGANTILLA 10 TRÉBOLES SILVER GREEN | C101: 10mm | D101: NANCY VIP | E101: 899 | F101: 2 | G101: active | H101: YA TIENE COSTO EN SHOPIFY ($345.35, heredado hoy)
A102: 11264481042765 | B102: PULSERA LOVE SILVER | C102: 16 cm OUTLET | D102: HAIFENG | E102: 399 | F102: 1 | G102: active | H102: YA TIENE COSTO EN SHOPIFY ($95.24, heredado hoy)
A103: 94157441060845 | B103: PULSERA LOVE SILVER | C103: 17cm OUTLET | D103: HAIFENG | E103: 399 | F103: 1 | G103: active | H103: YA TIENE COSTO EN SHOPIFY ($94.74, heredado hoy)
A104: 54573291096013 | B104: PULSERA LOVE ROSE GOLD | C104: 16cm OUTLET | D104: HAIFENG | E104: 399 | F104: 2 | G104: active | H104: YA TIENE COSTO EN SHOPIFY ($101.27, heredado hoy)
A105: 45213061014125 | B105: ANILLO LOVE ROSE GOLD | C105: 6 OUTLET | D105: HAIFENG | E105: 329 | F105: 2 | G105: active | H105: YA TIENE COSTO EN SHOPIFY ($38.00, heredado hoy)
A106: 66593bc708b95 | B106: ANILLO LOVE ROSE GOLD ANCHO CON ZIRCONIA | C106: 5 | D106: HAIFENG | E106: 260 | F106: 2 | G106: active | H106: YA TIENE COSTO EN SHOPIFY ($36.00, heredado hoy)
A107: 66593bc84f04b | B107: ANILLO LOVE ROSE GOLD ANCHO CON ZIRCONIA | C107: 7 | D107: HAIFENG | E107: 260 | F107: 2 | G107: active | H107: YA TIENE COSTO EN SHOPIFY ($36.00, heredado hoy)
A108: 66593bc9973ad | B108: ANILLO LOVE ROSE GOLD ANCHO CON ZIRCONIA | C108: 9 | D108: HAIFENG | E108: 400 | F108: 2 | G108: active | H108: YA TIENE COSTO EN SHOPIFY ($36.00, heredado hoy)
A109: 6438502f22a96 | B109: PULSERA LOVE DELGADA SILVER CON ZIRCONIA | C109: 17 cm | D109: COCOMA | E109: 350 | F109: 2 | G109: active | H109: YA TIENE COSTO EN SHOPIFY ($120.00, heredado hoy)
A110: 63e0c53eb6606 | B110: PULSERA LOVE CON ZIRCONIAS SILVER | C110: 18 cm | D110: HAIFENG | E110: 499 | F110: 1 | G110: active | H110: YA TIENE COSTO EN SHOPIFY ($103.00, heredado hoy)
A111: 63e0c53dca176 | B111: PULSERA LOVE CON ZIRCONIA ROSE GOLD | C111: 21 cm | D111: HAIFENG | E111: 499 | F111: 2 | G111: active | H111: YA TIENE COSTO EN SHOPIFY ($170.00, heredado hoy)
A112: 53028451066637 | B112: PULSERA LOVE CON ZIRCONIA GOLD | C112: 17cm OUTLET | D112: HAIFENG | E112: 349 | F112: 2 | G112: active | H112: YA TIENE COSTO EN SHOPIFY ($94.53, heredado hoy)
A113: 38255990781324 | B113: MOCHILA LV | C113: Default Title | D113: ZOEY | E113: 3280 | F113: 2 | G113: active | H113: YA TIENE COSTO EN SHOPIFY ($1144.27, heredado hoy)
A114: 677c26b19a19d | B114: LENTES GC BLACK | C114: REGULAR | D114: CYNTHIA CAO | E114: 694 | F114: 2 | G114: active | H114: YA TIENE COSTO EN SHOPIFY ($624.36, heredado hoy)
A115: 43728085210284 | B115: ZAPATILLAS MM SLINGBACKS CHERRY | C115: 24cm | D115: ZOEY | E115: 4054 | F115: 2 | G115: active | H115: YA TIENE COSTO EN SHOPIFY ($1300.00, heredado hoy)
A116: 43047212777612 | B116: PULSERA LOCK ROSEGOLD | C116: 17.5cm | D116: CYNTHIA CAO | E116: 1050 | F116: 2 | G116: active | H116: YA TIENE COSTO EN SHOPIFY ($343.24, heredado hoy)
A117: 673cd56819fce | B117: ANILLO TRUE GOLD | C117: 7 | D117: NANCY VIP | E117: 639 | F117: 2 | G117: active | H117: YA TIENE COSTO EN SHOPIFY ($151.80, heredado hoy)
A118: 11249421041101 | B118: COLLAR FR GOLD | C118: OUTLET | D118: NANCY VIP | E118: 499 | F118: 1 | G118: active | H118: YA TIENE COSTO EN SHOPIFY ($148.49, heredado hoy)
A119: 40002831039789 | B119: ANILLO TB SILVER | C119: 9 | D119: NANCY VIP | E119: 450 | F119: 2 | G119: active | H119: YA TIENE COSTO EN SHOPIFY ($68.13, heredado hoy)
...
